-- MySQL dump 10.16  Distrib 10.1.16-MariaDB, for Win32 (AMD64)
--
-- Host: localhost    Database: soccerfantasy
-- ------------------------------------------------------
-- Server version	10.1.16-MariaDB

/*!40101 SET @OLD_CHARACTER_SET_CLIENT=@@CHARACTER_SET_CLIENT */;
/*!40101 SET @OLD_CHARACTER_SET_RESULTS=@@CHARACTER_SET_RESULTS */;
/*!40101 SET @OLD_COLLATION_CONNECTION=@@COLLATION_CONNECTION */;
/*!40101 SET NAMES utf8 */;
/*!40103 SET @OLD_TIME_ZONE=@@TIME_ZONE */;
/*!40103 SET TIME_ZONE='+00:00' */;
/*!40014 SET @OLD_UNIQUE_CHECKS=@@UNIQUE_CHECKS, UNIQUE_CHECKS=0 */;
/*!40014 SET @OLD_FOREIGN_KEY_CHECKS=@@FOREIGN_KEY_CHECKS, FOREIGN_KEY_CHECKS=0 */;
/*!40101 SET @OLD_SQL_MODE=@@SQL_MODE, SQL_MODE='NO_AUTO_VALUE_ON_ZERO' */;
/*!40111 SET @OLD_SQL_NOTES=@@SQL_NOTES, SQL_NOTES=0 */;

--
-- Table structure for table `club`
--

DROP TABLE IF EXISTS `club`;
/*!40101 SET @saved_cs_client     = @@character_set_client */;
/*!40101 SET character_set_client = utf8 */;
CREATE TABLE `club` (
  `club_id` int(11) NOT NULL,
  `club_name` varchar(100) NOT NULL,
  `no_of_cups` int(11) NOT NULL,
  `country` varchar(100) NOT NULL,
  `manager_id` int(11) NOT NULL,
  `stadium_id` int(11) NOT NULL,
  PRIMARY KEY (`club_id`),
  KEY `manager_id` (`manager_id`),
  KEY `stadium_id` (`stadium_id`),
  CONSTRAINT `club_ibfk_1` FOREIGN KEY (`manager_id`) REFERENCES `manager` (`manager_id`),
  CONSTRAINT `club_ibfk_2` FOREIGN KEY (`stadium_id`) REFERENCES `stadium` (`stadium_id`)
) ENGINE=InnoDB DEFAULT CHARSET=latin1;
/*!40101 SET character_set_client = @saved_cs_client */;

--
-- Dumping data for table `club`
--

LOCK TABLES `club` WRITE;
/*!40000 ALTER TABLE `club` DISABLE KEYS */;
INSERT INTO `club` VALUES (1,'Ajaccio GFCO',0,'France',43,109),(2,'Angers',0,'France',39,112),(3,'Arsenal',43,'England',2,1),(4,'Aston Villa',24,'England',3,2),(5,'Ath Bilbao',8,'Spain',59,87),(6,'Ath Madrid',10,'Spain',60,88),(7,'Augsburg',0,'Germany',21,63),(8,'Barcelona',23,'Spain',61,89),(9,'Bastia',0,'France',40,110),(10,'Bayern Munich',56,'Germany',23,65),(11,'Betis',1,'Spain',72,90),(12,'Bordeaux',6,'France',41,111),(13,'Bournemouth',0,'England',1,162),(14,'Caen',0,'France',42,134),(15,'Celta',0,'Spain',62,91),(16,'Chelsea',28,'England',4,5),(17,'Crystal Palace',1,'England',5,29),(18,'Darmstadt',0,'Germany',26,81),(19,'Dortmund',19,'Germany',24,66),(20,'Eibar',0,'Spain',64,135),(21,'Ein Frankfurt',6,'Germany',27,69),(22,'Espanol',0,'Spain',65,136),(23,'Everton',24,'England',6,6),(24,'FC Koln',7,'Germany',34,84),(25,'Getafe',0,'Spain',66,94),(26,'Granada',0,'Spain',67,95),(27,'Guingamp',0,'France',44,113),(28,'Hamburg',12,'Germany',28,85),(29,'Hannover',3,'Germany',38,72),(30,'Hertha',2,'Germany',32,73),(31,'Hoffenheim',0,'Germany',33,74),(32,'Ingolstadt',0,'Germany',31,71),(33,'La Coruna',1,'Spain',63,106),(34,'Las Palmas',0,'Spain',68,107),(35,'Leicester',4,'England',7,35),(36,'Levante',0,'Spain',69,96),(37,'Leverkusen',2,'Germany',22,64),(38,'Lille',3,'France',45,130),(39,'Liverpool',60,'England',8,8),(40,'Lorient',0,'France',46,115),(41,'Lyon',7,'France',47,116),(42,'M\'gladbach',10,'Germany',25,67),(43,'Mainz',0,'Germany',37,75),(44,'Malaga',0,'Spain',70,97),(45,'Man City',18,'England',9,9),(46,'Man United',62,'England',10,10),(47,'Marseille',9,'France',48,117),(48,'Monaco',7,'France',49,118),(49,'Montpellier',1,'France',50,119),(50,'Nantes',8,'France',51,120),(51,'Newcastle',13,'England',11,11),(52,'Nice',4,'France',52,121),(53,'Norwich',2,'England',12,12),(54,'Paris SG',6,'France',53,122),(55,'Real Madrid',32,'Spain',73,100),(56,'Reims',6,'France',54,123),(57,'Rennes',0,'France',55,124),(58,'Schalke 04',14,'Germany',29,77),(59,'Sevilla',1,'Spain',75,102),(60,'Sociedad',2,'Spain',74,101),(61,'Southampton',1,'England',13,42),(62,'Sp Gijon',0,'Spain',76,135),(63,'St Etienne',10,'France',56,125),(64,'Stoke',1,'England',14,14),(65,'Stuttgart',9,'Germany',30,78),(66,'Sunderland',9,'England',15,15),(67,'Swansea',1,'England',16,16),(68,'Tottenham',24,'England',17,17),(69,'Toulouse',0,'France',57,127),(70,'Troyes',0,'France',58,131),(71,'Valencia',6,'Spain',77,103),(72,'Vallecano',0,'Spain',71,99),(73,'Villarreal',0,'Spain',78,105),(74,'Watford',0,'England',18,43),(75,'Werder Bremen',14,'Germany',35,79),(76,'West Brom',9,'England',19,18),(77,'West Ham',6,'England',20,44),(78,'Wolfsburg',3,'Germany',36,80);
/*!40000 ALTER TABLE `club` ENABLE KEYS */;
UNLOCK TABLES;

--
-- Table structure for table `game`
--

DROP TABLE IF EXISTS `game`;
/*!40101 SET @saved_cs_client     = @@character_set_client */;
/*!40101 SET character_set_client = utf8 */;
CREATE TABLE `game` (
  `game_id` int(11) NOT NULL,
  `game_name` varchar(100) NOT NULL,
  `game_type` varchar(50) NOT NULL,
  `venue` int(11) NOT NULL,
  `game_dt` date NOT NULL DEFAULT '2016-01-01',
  PRIMARY KEY (`game_id`)
) ENGINE=InnoDB DEFAULT CHARSET=latin1;
/*!40101 SET character_set_client = @saved_cs_client */;

--
-- Dumping data for table `game`
--

LOCK TABLES `game` WRITE;
/*!40000 ALTER TABLE `game` DISABLE KEYS */;
INSERT INTO `game` VALUES (101,'Argentina vs Germany','Round 1',9,'2016-01-01'),(5331,'Hercules V/S Ath Bilbao','League',72,'2015-06-01'),(5332,'Levante V/S Sevilla','League',96,'2015-06-02'),(5333,'Malaga V/S Valencia','League',97,'2015-06-03'),(5334,'Espanol V/S Getafe','League',166,'2015-06-04'),(5335,'La Coruna V/S Zaragoza','League',106,'2015-06-05'),(5336,'Mallorca V/S Real Madrid','League',97,'2015-06-06'),(5337,'Osasuna V/S Almeria','League',12,'2015-06-07'),(5338,'Santander V/S Barcelona','League',124,'2015-06-08'),(5339,'Sociedad V/S Villarreal','League',101,'2015-06-09'),(5340,'Ath Madrid V/S Sp Gijon','League',88,'2015-06-10'),(5341,'Ath Bilbao V/S Ath Madrid','League',87,'2015-06-11'),(5342,'Barcelona V/S Hercules','League',89,'2015-06-12'),(5343,'Real Madrid V/S Osasuna','League',100,'2015-06-13'),(5344,'Valencia V/S Santander','League',103,'2015-06-14'),(5345,'Getafe V/S Levante','League',94,'2015-06-15'),(5346,'Sevilla V/S La Coruna','League',102,'2015-06-16'),(5347,'Sp Gijon V/S Mallorca','League',135,'2015-06-17'),(5348,'Villarreal V/S Espanol','League',105,'2015-06-18'),(5349,'Zaragoza V/S Malaga','League',80,'2015-06-19'),(5350,'Almeria V/S Sociedad','League',109,'2015-06-20'),(5351,'Espanol V/S Almeria','League',166,'2015-06-21'),(5352,'Mallorca V/S Osasuna','League',97,'2015-06-22'),(5353,'Sociedad V/S Real Madrid','League',101,'2015-06-23'),(5354,'Sp Gijon V/S Ath Bilbao','League',135,'2015-06-24'),(5355,'Ath Madrid V/S Barcelona','League',88,'2015-06-25'),(5356,'Hercules V/S Valencia','League',72,'2015-06-26'),(5357,'Levante V/S Villarreal','League',96,'2015-06-27'),(5358,'Malaga V/S Sevilla','League',97,'2015-06-28'),(5359,'Santander V/S Zaragoza','League',124,'2015-06-29'),(5360,'La Coruna V/S Getafe','League',106,'2015-07-01'),(5361,'Ath Bilbao V/S Mallorca','League',87,'2015-07-02'),(5362,'Osasuna V/S Sociedad','League',12,'2015-07-03'),(5363,'Real Madrid V/S Espanol','League',100,'2015-07-04'),(5364,'Almeria V/S Levante','League',109,'2015-07-05'),(5365,'Barcelona V/S Sp Gijon','League',89,'2015-07-06'),(5366,'Valencia V/S Ath Madrid','League',103,'2015-07-07'),(5367,'Zaragoza V/S Hercules','League',80,'2015-07-08'),(5368,'Getafe V/S Malaga','League',94,'2015-07-09'),(5369,'Sevilla V/S Santander','League',102,'2015-07-10'),(5370,'Villarreal V/S La Coruna','League',105,'2015-07-11'),(5371,'Ath Bilbao V/S Barcelona','League',87,'2015-07-12'),(5372,'Levante V/S Real Madrid','League',96,'2015-07-13'),(5373,'Sp Gijon V/S Valencia','League',135,'2015-07-14'),(5374,'Ath Madrid V/S Zaragoza','League',88,'2015-07-15'),(5375,'Espanol V/S Osasuna','League',166,'2015-07-16'),(5376,'Hercules V/S Sevilla','League',72,'2015-07-17'),(5377,'La Coruna V/S Almeria','League',106,'2015-07-18'),(5378,'Mallorca V/S Sociedad','League',97,'2015-07-19'),(5379,'Santander V/S Getafe','League',124,'2015-07-20'),(5380,'Malaga V/S Villarreal','League',97,'2015-07-21'),(5381,'Sociedad V/S Espanol','League',101,'2015-07-22'),(5382,'Valencia V/S Ath Bilbao','League',103,'2015-07-23'),(5383,'Zaragoza V/S Sp Gijon','League',80,'2015-07-24'),(5384,'Almeria V/S Malaga','League',109,'2015-07-25'),(5385,'Barcelona V/S Mallorca','League',89,'2015-07-26'),(5386,'Getafe V/S Hercules','League',94,'2015-07-27'),(5387,'Osasuna V/S Levante','League',12,'2015-07-28'),(5388,'Real Madrid V/S La Coruna','League',100,'2015-07-29'),(5389,'Sevilla V/S Ath Madrid','League',102,'2015-07-01'),(5390,'Villarreal V/S Santander','League',105,'2015-07-02'),(5391,'Ath Madrid V/S Getafe','League',88,'2015-07-03'),(5392,'Barcelona V/S Valencia','League',89,'2015-07-04'),(5393,'Malaga V/S Real Madrid','League',97,'2015-07-05'),(5394,'Ath Bilbao V/S Zaragoza','League',87,'2015-07-06'),(5395,'La Coruna V/S Osasuna','League',106,'2015-07-07'),(5396,'Levante V/S Sociedad','League',96,'2015-07-08'),(5397,'Mallorca V/S Espanol','League',97,'2015-07-09'),(5398,'Santander V/S Almeria','League',124,'2015-07-10'),(5399,'Sp Gijon V/S Sevilla','League',135,'2015-07-11'),(5400,'Hercules V/S Villarreal','League',72,'2015-07-12'),(5401,'Real Madrid V/S Santander','League',100,'2015-07-13'),(5402,'Valencia V/S Mallorca','League',103,'2015-07-14'),(5403,'Zaragoza V/S Barcelona','League',80,'2015-07-15'),(5404,'Almeria V/S Hercules','League',109,'2015-07-16'),(5405,'Espanol V/S Levante','League',166,'2015-07-17'),(5406,'Getafe V/S Sp Gijon','League',94,'2015-07-18'),(5407,'Osasuna V/S Malaga','League',12,'2015-07-19'),(5408,'Sevilla V/S Ath Bilbao','League',102,'2015-07-20'),(5409,'Villarreal V/S Ath Madrid','League',105,'2015-07-21'),(5410,'Sociedad V/S La Coruna','League',101,'2015-07-22'),(5411,'Barcelona V/S Sevilla','League',89,'2015-07-23'),(5412,'Hercules V/S Real Madrid','League',72,'2015-07-24'),(5413,'Valencia V/S Zaragoza','League',103,'2015-07-25'),(5414,'Ath Bilbao V/S Getafe','League',87,'2015-07-26'),(5415,'Ath Madrid V/S Almeria','League',88,'2015-07-27'),(5416,'La Coruna V/S Espanol','League',106,'2015-07-28'),(5417,'Malaga V/S Sociedad','League',97,'2015-07-29'),(5418,'Santander V/S Osasuna','League',124,'2015-08-01'),(5419,'Sp Gijon V/S Villarreal','League',135,'2015-08-02'),(5420,'Mallorca V/S Levante','League',97,'2015-08-03'),(5421,'Espanol V/S Malaga','League',166,'2015-08-04'),(5422,'Sociedad V/S Santander','League',101,'2015-08-05'),(5423,'Almeria V/S Sp Gijon','League',109,'2015-08-06'),(5424,'Getafe V/S Barcelona','League',94,'2015-08-07'),(5425,'Levante V/S La Coruna','League',96,'2015-08-08'),(5426,'Osasuna V/S Hercules','League',12,'2015-08-09'),(5427,'Real Madrid V/S Ath Madrid','League',100,'2015-08-10'),(5428,'Villarreal V/S Ath Bilbao','League',105,'2015-08-11'),(5429,'Zaragoza V/S Mallorca','League',80,'2015-08-12'),(5430,'Sevilla V/S Valencia','League',102,'2015-08-13'),(5431,'Ath Bilbao V/S Almeria','League',87,'2015-08-14'),(5432,'Ath Madrid V/S Osasuna','League',88,'2015-08-15'),(5433,'Barcelona V/S Villarreal','League',89,'2015-08-16'),(5434,'Hercules V/S Sociedad','League',72,'2015-08-17'),(5435,'Malaga V/S Levante','League',97,'2015-08-18'),(5436,'Mallorca V/S La Coruna','League',97,'2015-08-19'),(5437,'Santander V/S Espanol','League',124,'2015-08-20'),(5438,'Sp Gijon V/S Real Madrid','League',135,'2015-08-21'),(5439,'Valencia V/S Getafe','League',103,'2015-08-22'),(5440,'Zaragoza V/S Sevilla','League',80,'2015-08-23'),(5441,'Almeria V/S Barcelona','League',109,'2015-08-24'),(5442,'Real Madrid V/S Ath Bilbao','League',100,'2015-08-25'),(5443,'Villarreal V/S Valencia','League',105,'2015-08-26'),(5444,'Espanol V/S Hercules','League',166,'2015-08-27'),(5445,'La Coruna V/S Malaga','League',106,'2015-08-28'),(5446,'Levante V/S Santander','League',96,'2015-08-29'),(5447,'Osasuna V/S Sp Gijon','League',12,'2015-08-01'),(5448,'Sevilla V/S Mallorca','League',102,'2015-08-02'),(5449,'Sociedad V/S Ath Madrid','League',101,'2015-08-03'),(5450,'Getafe V/S Zaragoza','League',94,'2015-08-04'),(5451,'Ath Madrid V/S Espanol','League',88,'2015-08-05'),(5452,'Sevilla V/S Getafe','League',102,'2015-08-06'),(5453,'Zaragoza V/S Villarreal','League',80,'2015-08-07'),(5454,'Ath Bilbao V/S Osasuna','League',87,'2015-08-08'),(5455,'Hercules V/S Levante','League',72,'2015-08-09'),(5456,'Mallorca V/S Malaga','League',97,'2015-08-10'),(5457,'Santander V/S La Coruna','League',124,'2015-08-11'),(5458,'Sp Gijon V/S Sociedad','League',135,'2015-08-12'),(5459,'Valencia V/S Almeria','League',103,'2015-08-13'),(5460,'Barcelona V/S Real Madrid','League',89,'2015-08-14'),(5461,'Levante V/S Ath Madrid','League',96,'2015-08-15'),(5462,'Osasuna V/S Barcelona','League',12,'2015-08-16'),(5463,'Real Madrid V/S Valencia','League',100,'2015-08-17'),(5464,'Almeria V/S Zaragoza','League',109,'2015-08-18'),(5465,'Espanol V/S Sp Gijon','League',166,'2015-08-19'),(5466,'Getafe V/S Mallorca','League',94,'2015-08-20'),(5467,'Malaga V/S Santander','League',97,'2015-08-21'),(5468,'Sociedad V/S Ath Bilbao','League',101,'2015-08-22'),(5469,'Villarreal V/S Sevilla','League',105,'2015-08-23'),(5470,'La Coruna V/S Hercules','League',106,'2015-08-24'),(5471,'Ath Madrid V/S La Coruna','League',88,'2015-08-25'),(5472,'Getafe V/S Villarreal','League',94,'2015-08-26'),(5473,'Sevilla V/S Almeria','League',102,'2015-08-27'),(5474,'Ath Bilbao V/S Espanol','League',87,'2015-08-28'),(5475,'Barcelona V/S Sociedad','League',89,'2015-08-29'),(5476,'Hercules V/S Malaga','League',72,'2015-09-01'),(5477,'Mallorca V/S Santander','League',97,'2015-09-02'),(5478,'Sp Gijon V/S Levante','League',135,'2015-09-03'),(5479,'Zaragoza V/S Real Madrid','League',80,'2015-09-04'),(5480,'Valencia V/S Osasuna','League',103,'2015-09-05'),(5481,'Espanol V/S Barcelona','League',166,'2015-09-06'),(5482,'La Coruna V/S Sp Gijon','League',106,'2015-09-07'),(5483,'Levante V/S Ath Bilbao','League',96,'2015-09-08'),(5484,'Sociedad V/S Valencia','League',101,'2015-09-09'),(5485,'Villarreal V/S Mallorca','League',105,'2015-09-10'),(5486,'Almeria V/S Getafe','League',109,'2015-09-11'),(5487,'Malaga V/S Ath Madrid','League',97,'2015-09-12'),(5488,'Osasuna V/S Zaragoza','League',12,'2015-09-13'),(5489,'Real Madrid V/S Sevilla','League',100,'2015-09-14'),(5490,'Santander V/S Hercules','League',124,'2015-09-15'),(5491,'Ath Bilbao V/S La Coruna','League',87,'2015-09-16'),(5492,'Barcelona V/S Levante','League',89,'2015-09-17'),(5493,'Sevilla V/S Osasuna','League',102,'2015-09-18'),(5494,'Sp Gijon V/S Malaga','League',135,'2015-09-19'),(5495,'Valencia V/S Espanol','League',103,'2015-09-20'),(5496,'Ath Madrid V/S Santander','League',88,'2015-09-21'),(5497,'Getafe V/S Real Madrid','League',94,'2015-09-22'),(5498,'Mallorca V/S Hercules','League',97,'2015-09-23'),(5499,'Villarreal V/S Almeria','League',105,'2015-09-24'),(5500,'Zaragoza V/S Sociedad','League',80,'2015-09-25'),(5501,'La Coruna V/S Barcelona','League',106,'2015-09-26'),(5502,'Malaga V/S Ath Bilbao','League',97,'2015-09-27'),(5503,'Sociedad V/S Sevilla','League',101,'2015-09-28'),(5504,'Espanol V/S Zaragoza','League',166,'2015-09-29'),(5505,'Levante V/S Valencia','League',96,'2015-09-01'),(5506,'Mallorca V/S Almeria','League',97,'2015-09-02'),(5507,'Osasuna V/S Getafe','League',12,'2015-09-03'),(5508,'Real Madrid V/S Villarreal','League',100,'2015-09-04'),(5509,'Santander V/S Sp Gijon','League',124,'2015-09-05'),(5510,'Hercules V/S Ath Madrid','League',72,'2015-09-06'),(5511,'Ath Bilbao V/S Santander','League',87,'2015-09-07'),(5512,'Getafe V/S Sociedad','League',94,'2015-09-08'),(5513,'Sevilla V/S Espanol','League',102,'2015-09-09'),(5514,'Sp Gijon V/S Hercules','League',135,'2015-09-10'),(5515,'Villarreal V/S Osasuna','League',105,'2015-09-11'),(5516,'Zaragoza V/S Levante','League',80,'2015-09-12'),(5517,'Almeria V/S Real Madrid','League',109,'2015-09-13'),(5518,'Barcelona V/S Malaga','League',89,'2015-09-14'),(5519,'Valencia V/S La Coruna','League',103,'2015-09-15'),(5520,'Ath Madrid V/S Mallorca','League',88,'2015-09-16'),(5521,'Barcelona V/S Santander','League',89,'2015-09-17'),(5522,'Sevilla V/S Levante','League',102,'2015-09-18'),(5523,'Valencia V/S Malaga','League',103,'2015-09-19'),(5524,'Almeria V/S Osasuna','League',109,'2015-09-20'),(5525,'Getafe V/S Espanol','League',94,'2015-09-21'),(5526,'Real Madrid V/S Mallorca','League',100,'2015-09-22'),(5527,'Sp Gijon V/S Ath Madrid','League',135,'2015-09-23'),(5528,'Villarreal V/S Sociedad','League',105,'2015-09-24'),(5529,'Zaragoza V/S La Coruna','League',80,'2015-09-25'),(5530,'Ath Bilbao V/S Hercules','League',87,'2015-09-26'),(5531,'Hercules V/S Barcelona','League',72,'2015-09-27'),(5532,'La Coruna V/S Sevilla','League',106,'2015-09-28'),(5533,'Levante V/S Getafe','League',96,'2015-09-29'),(5534,'Malaga V/S Zaragoza','League',97,'2015-10-01'),(5535,'Mallorca V/S Sp Gijon','League',97,'2015-10-02'),(5536,'Sociedad V/S Almeria','League',101,'2015-10-03'),(5537,'Ath Madrid V/S Ath Bilbao','League',88,'2015-10-04'),(5538,'Espanol V/S Villarreal','League',166,'2015-10-05'),(5539,'Osasuna V/S Real Madrid','League',12,'2015-10-06'),(5540,'Santander V/S Valencia','League',124,'2015-10-07'),(5541,'Almeria V/S Espanol','League',109,'2015-10-08'),(5542,'Ath Bilbao V/S Sp Gijon','League',87,'2015-10-09'),(5543,'Barcelona V/S Ath Madrid','League',89,'2015-10-10'),(5544,'Getafe V/S La Coruna','League',94,'2015-10-11'),(5545,'Osasuna V/S Mallorca','League',12,'2015-10-12'),(5546,'Villarreal V/S Levante','League',105,'2015-10-13'),(5547,'Zaragoza V/S Santander','League',80,'2015-10-14'),(5548,'Real Madrid V/S Sociedad','League',100,'2015-10-15'),(5549,'Sevilla V/S Malaga','League',102,'2015-10-16'),(5550,'Valencia V/S Hercules','League',103,'2015-10-17'),(5551,'Ath Madrid V/S Valencia','League',88,'2015-10-18'),(5552,'Santander V/S Sevilla','League',124,'2015-10-19'),(5553,'Sp Gijon V/S Barcelona','League',135,'2015-10-20'),(5554,'Espanol V/S Real Madrid','League',166,'2015-10-21'),(5555,'Hercules V/S Zaragoza','League',72,'2015-10-22'),(5556,'La Coruna V/S Villarreal','League',106,'2015-10-23'),(5557,'Levante V/S Almeria','League',96,'2015-10-24'),(5558,'Malaga V/S Getafe','League',97,'2015-10-25'),(5559,'Sociedad V/S Osasuna','League',101,'2015-10-26'),(5560,'Mallorca V/S Ath Bilbao','League',97,'2015-10-27'),(5561,'Real Madrid V/S Levante','League',100,'2015-10-28'),(5562,'Valencia V/S Sp Gijon','League',103,'2015-10-29'),(5563,'Zaragoza V/S Ath Madrid','League',80,'2016-01-01'),(5564,'Almeria V/S La Coruna','League',109,'2016-01-02'),(5565,'Barcelona V/S Ath Bilbao','League',89,'2016-01-03'),(5566,'Getafe V/S Santander','League',94,'2016-01-04'),(5567,'Osasuna V/S Espanol','League',12,'2016-01-05'),(5568,'Sevilla V/S Hercules','League',102,'2016-01-06'),(5569,'Villarreal V/S Malaga','League',105,'2016-01-07'),(5570,'Sociedad V/S Mallorca','League',101,'2016-01-08'),(5571,'Ath Madrid V/S Sevilla','League',88,'2016-01-09'),(5572,'Espanol V/S Sociedad','League',166,'2016-01-10'),(5573,'La Coruna V/S Real Madrid','League',106,'2016-01-11'),(5574,'Mallorca V/S Barcelona','League',97,'2016-01-12'),(5575,'Sp Gijon V/S Zaragoza','League',135,'2016-01-13'),(5576,'Ath Bilbao V/S Valencia','League',87,'2016-01-14'),(5577,'Hercules V/S Getafe','League',72,'2016-01-15'),(5578,'Levante V/S Osasuna','League',96,'2016-01-16'),(5579,'Santander V/S Villarreal','League',124,'2016-01-17'),(5580,'Malaga V/S Almeria','League',97,'2016-01-18'),(5581,'Espanol V/S Mallorca','League',166,'2016-01-19'),(5582,'Sevilla V/S Sp Gijon','League',102,'2016-01-20'),(5583,'Getafe V/S Ath Madrid','League',94,'2016-01-21'),(5584,'Osasuna V/S La Coruna','League',12,'2016-01-22'),(5585,'Sociedad V/S Levante','League',101,'2016-01-23'),(5586,'Valencia V/S Barcelona','League',103,'2016-01-24'),(5587,'Villarreal V/S Hercules','League',105,'2016-01-25'),(5588,'Zaragoza V/S Ath Bilbao','League',80,'2016-01-26'),(5589,'Almeria V/S Santander','League',109,'2016-01-27'),(5590,'Real Madrid V/S Malaga','League',100,'2016-01-28'),(5591,'Ath Madrid V/S Villarreal','League',88,'2016-01-29'),(5592,'Barcelona V/S Zaragoza','League',89,'2016-01-01'),(5593,'Mallorca V/S Valencia','League',97,'2016-01-02'),(5594,'Ath Bilbao V/S Sevilla','League',87,'2016-01-03'),(5595,'Hercules V/S Almeria','League',72,'2016-01-04'),(5596,'Levante V/S Espanol','League',96,'2016-01-05'),(5597,'Malaga V/S Osasuna','League',97,'2016-01-06'),(5598,'Santander V/S Real Madrid','League',124,'2016-01-07'),(5599,'Sp Gijon V/S Getafe','League',135,'2016-01-08'),(5600,'La Coruna V/S Sociedad','League',106,'2016-01-09'),(5601,'Almeria V/S Ath Madrid','League',109,'2016-01-10'),(5602,'Real Madrid V/S Hercules','League',100,'2016-01-11'),(5603,'Zaragoza V/S Valencia','League',80,'2016-01-12'),(5604,'Espanol V/S La Coruna','League',166,'2016-01-13'),(5605,'Levante V/S Mallorca','League',96,'2016-01-14'),(5606,'Osasuna V/S Santander','League',12,'2016-01-15'),(5607,'Sevilla V/S Barcelona','League',102,'2016-01-16'),(5608,'Sociedad V/S Malaga','League',101,'2016-01-17'),(5609,'Villarreal V/S Sp Gijon','League',105,'2016-01-18'),(5610,'Getafe V/S Ath Bilbao','League',94,'2016-01-19'),(5611,'Ath Madrid V/S Real Madrid','League',88,'2016-01-20'),(5612,'Barcelona V/S Getafe','League',89,'2016-01-21'),(5613,'Mallorca V/S Zaragoza','League',97,'2016-01-22'),(5614,'Ath Bilbao V/S Villarreal','League',87,'2016-01-23'),(5615,'Hercules V/S Osasuna','League',72,'2016-01-24'),(5616,'La Coruna V/S Levante','League',106,'2016-01-25'),(5617,'Malaga V/S Espanol','League',97,'2016-01-26'),(5618,'Santander V/S Sociedad','League',124,'2016-01-27'),(5619,'Sp Gijon V/S Almeria','League',135,'2016-01-28'),(5620,'Valencia V/S Sevilla','League',103,'2016-01-29'),(5621,'Getafe V/S Valencia','League',94,'2016-02-01'),(5622,'Real Madrid V/S Sp Gijon','League',100,'2016-02-02'),(5623,'Villarreal V/S Barcelona','League',105,'2016-02-03'),(5624,'Espanol V/S Santander','League',166,'2016-02-04'),(5625,'La Coruna V/S Mallorca','League',106,'2016-02-05'),(5626,'Levante V/S Malaga','League',96,'2016-02-06'),(5627,'Osasuna V/S Ath Madrid','League',12,'2016-02-07'),(5628,'Sevilla V/S Zaragoza','League',102,'2016-02-08'),(5629,'Sociedad V/S Hercules','League',101,'2016-02-09'),(5630,'Almeria V/S Ath Bilbao','League',109,'2016-02-10'),(5631,'Ath Bilbao V/S Real Madrid','League',87,'2016-02-11'),(5632,'Barcelona V/S Almeria','League',89,'2016-02-12'),(5633,'Mallorca V/S Sevilla','League',97,'2016-02-13'),(5634,'Ath Madrid V/S Sociedad','League',88,'2016-02-14'),(5635,'Hercules V/S Espanol','League',72,'2016-02-15'),(5636,'Malaga V/S La Coruna','League',97,'2016-02-16'),(5637,'Santander V/S Levante','League',124,'2016-02-17'),(5638,'Sp Gijon V/S Osasuna','League',135,'2016-02-18'),(5639,'Valencia V/S Villarreal','League',103,'2016-02-19'),(5640,'Zaragoza V/S Getafe','League',80,'2016-02-20'),(5641,'Almeria V/S Valencia','League',109,'2016-02-21'),(5642,'Getafe V/S Sevilla','League',94,'2016-02-22'),(5643,'Malaga V/S Mallorca','League',97,'2016-02-23'),(5644,'Real Madrid V/S Barcelona','League',100,'2016-02-24'),(5645,'Espanol V/S Ath Madrid','League',166,'2016-02-25'),(5646,'La Coruna V/S Santander','League',106,'2016-02-26'),(5647,'Levante V/S Hercules','League',96,'2016-02-27'),(5648,'Osasuna V/S Ath Bilbao','League',12,'2016-02-28'),(5649,'Sociedad V/S Sp Gijon','League',101,'2016-02-29'),(5650,'Villarreal V/S Zaragoza','League',105,'2016-02-01'),(5651,'Ath Bilbao V/S Sociedad','League',87,'2016-02-02'),(5652,'Barcelona V/S Osasuna','League',89,'2016-02-03'),(5653,'Valencia V/S Real Madrid','League',103,'2016-02-04'),(5654,'Ath Madrid V/S Levante','League',88,'2016-02-05'),(5655,'Hercules V/S La Coruna','League',72,'2016-02-06'),(5656,'Mallorca V/S Getafe','League',97,'2016-02-07'),(5657,'Santander V/S Malaga','League',124,'2016-02-08'),(5658,'Sevilla V/S Villarreal','League',102,'2016-02-09'),(5659,'Sp Gijon V/S Espanol','League',135,'2016-02-10'),(5660,'Zaragoza V/S Almeria','League',80,'2016-02-11'),(5661,'La Coruna V/S Ath Madrid','League',106,'2016-02-12'),(5662,'Real Madrid V/S Zaragoza','League',100,'2016-02-13'),(5663,'Sociedad V/S Barcelona','League',101,'2016-02-14'),(5664,'Almeria V/S Sevilla','League',109,'2016-02-15'),(5665,'Levante V/S Sp Gijon','League',96,'2016-02-16'),(5666,'Malaga V/S Hercules','League',97,'2016-02-17'),(5667,'Osasuna V/S Valencia','League',12,'2016-02-18'),(5668,'Santander V/S Mallorca','League',124,'2016-02-19'),(5669,'Villarreal V/S Getafe','League',105,'2016-02-20'),(5670,'Espanol V/S Ath Bilbao','League',166,'2016-02-21'),(5671,'Ath Bilbao V/S Levante','League',87,'2016-02-22'),(5672,'Ath Madrid V/S Malaga','League',88,'2016-02-23'),(5673,'Getafe V/S Almeria','League',94,'2016-02-24'),(5674,'Hercules V/S Santander','League',72,'2016-02-25'),(5675,'Sevilla V/S Real Madrid','League',102,'2016-02-26'),(5676,'Sp Gijon V/S La Coruna','League',135,'2016-02-27'),(5677,'Valencia V/S Sociedad','League',103,'2016-02-28'),(5678,'Barcelona V/S Espanol','League',89,'2016-02-29'),(5679,'Mallorca V/S Villarreal','League',97,'2016-02-01'),(5680,'Zaragoza V/S Osasuna','League',80,'2016-03-02'),(5681,'La Coruna V/S Ath Bilbao','League',106,'2016-03-03'),(5682,'Malaga V/S Sp Gijon','League',97,'2016-03-04'),(5683,'Real Madrid V/S Getafe','League',100,'2016-03-05'),(5684,'Santander V/S Ath Madrid','League',124,'2016-03-06'),(5685,'Almeria V/S Villarreal','League',109,'2016-03-07'),(5686,'Espanol V/S Valencia','League',166,'2016-03-08'),(5687,'Hercules V/S Mallorca','League',72,'2016-03-09'),(5688,'Levante V/S Barcelona','League',96,'2016-03-10'),(5689,'Osasuna V/S Sevilla','League',12,'2016-03-11'),(5690,'Sociedad V/S Zaragoza','League',101,'2016-03-12'),(5691,'Almeria V/S Mallorca','League',109,'2016-03-13'),(5692,'Ath Bilbao V/S Malaga','League',87,'2016-03-14'),(5693,'Ath Madrid V/S Hercules','League',88,'2016-03-15'),(5694,'Barcelona V/S La Coruna','League',89,'2016-03-16'),(5695,'Getafe V/S Osasuna','League',94,'2016-03-17'),(5696,'Sevilla V/S Sociedad','League',102,'2016-03-18'),(5697,'Sp Gijon V/S Santander','League',135,'2016-03-19'),(5698,'Valencia V/S Levante','League',103,'2016-03-20'),(5699,'Villarreal V/S Real Madrid','League',105,'2016-03-21'),(5700,'Zaragoza V/S Espanol','League',80,'2016-03-22'),(5701,'Espanol V/S Sevilla','League',166,'2016-03-23'),(5702,'Hercules V/S Sp Gijon','League',72,'2016-03-24'),(5703,'La Coruna V/S Valencia','League',106,'2016-03-25'),(5704,'Levante V/S Zaragoza','League',96,'2016-03-26'),(5705,'Malaga V/S Barcelona','League',97,'2016-03-27'),(5706,'Mallorca V/S Ath Madrid','League',97,'2016-03-28'),(5707,'Osasuna V/S Villarreal','League',12,'2016-03-29'),(5708,'Real Madrid V/S Almeria','League',100,'2016-03-01'),(5709,'Santander V/S Ath Bilbao','League',124,'2016-03-02'),(5710,'Sociedad V/S Getafe','League',101,'2016-03-03'),(6000,'Brazil    V/S   Croatia','WC2014',165,'2014-06-12'),(6001,'Mexico    V/S   Cameroon','WC2014',166,'2014-06-13'),(6002,'Brazil    V/S   Mexico','WC2014',167,'2014-06-17'),(6003,'Cameroon    V/S   Croatia','WC2014',168,'2014-06-18'),(6004,'Cameroon    V/S   Brazil','WC2014',169,'2014-06-23'),(6005,'Croatia    V/S   Mexico','WC2014',170,'2014-06-23'),(6006,'Spain    V/S   Netherlands','WC2014',171,'2014-06-13'),(6007,'Chile    V/S   Australia','WC2014',172,'2014-06-13'),(6008,'Spain    V/S   Chile','WC2014',165,'2014-06-18'),(6009,'Australia    V/S   Netherlands','WC2014',166,'2014-06-18'),(6010,'Australia    V/S   Spain','WC2014',167,'2014-06-23'),(6011,'Netherlands    V/S   Chile','WC2014',168,'2014-06-23'),(6012,'Colombia    V/S   Greece','WC2014',169,'2014-06-14'),(6013,'Côted\'Ivoire    V/S   Japan','WC2014',170,'2014-06-14'),(6014,'Colombia    V/S   Côted\'Ivoire','WC2014',171,'2014-06-19'),(6015,'Japan    V/S   Greece','WC2014',172,'2014-06-19'),(6016,'Japan    V/S   Colombia','WC2014',165,'2014-06-24'),(6017,'Greece    V/S   Côted\'Ivoire','WC2014',166,'2014-06-24'),(6018,'Uruguay    V/S   Costa Rica','WC2014',167,'2014-06-14'),(6019,'England    V/S   Italy','WC2014',168,'2014-06-14'),(6020,'Uruguay    V/S   England','WC2014',169,'2014-06-19'),(6021,'Italy    V/S   Costa Rica','WC2014',170,'2014-06-20'),(6022,'Italy    V/S   Uruguay','WC2014',171,'2014-06-24'),(6023,'Costa Rica    V/S   England','WC2014',172,'2014-06-24'),(6024,'Switzerland    V/S   Ecuador','WC2014',165,'2014-06-15'),(6025,'France    V/S   Honduras','WC2014',166,'2014-06-15'),(6026,'Switzerland    V/S   France','WC2014',167,'2014-06-20'),(6027,'Honduras    V/S   Ecuador','WC2014',168,'2014-06-20'),(6028,'Honduras    V/S   Switzerland','WC2014',169,'2014-06-25'),(6029,'Ecuador    V/S   France','WC2014',170,'2014-06-25'),(6030,'Argentina    V/S   Bosnia','WC2014',171,'2014-06-15'),(6031,'Iran    V/S   Nigeria','WC2014',172,'2014-06-16'),(6032,'Argentina    V/S   Iran','WC2014',165,'2014-06-21'),(6033,'Nigeria    V/S   Bosnia','WC2014',166,'2014-06-21'),(6034,'Nigeria    V/S   Argentina','WC2014',167,'2014-06-25'),(6035,'Bosnia    V/S   Iran','WC2014',168,'2014-06-25'),(6036,'Germany    V/S   Portugal','WC2014',169,'2014-06-16'),(6037,'Ghana    V/S   United States','WC2014',170,'2014-06-16'),(6038,'Germany    V/S   Ghana','WC2014',171,'2014-06-21'),(6039,'United States    V/S   Portugal','WC2014',172,'2014-06-22'),(6040,'United States    V/S   Germany','WC2014',165,'2014-06-26'),(6041,'Portugal    V/S   Ghana','WC2014',166,'2014-06-26'),(6042,'Belgium    V/S   Algeria','WC2014',167,'2014-06-17'),(6043,'Russia    V/S   South Korea','WC2014',168,'2014-06-17'),(6044,'Belgium    V/S   Russia','WC2014',169,'2014-06-22'),(6045,'South Korea    V/S   Algeria','WC2014',170,'2014-06-22'),(6046,'South Korea    V/S   Belgium','WC2014',171,'2014-06-26'),(6047,'Algeria    V/S   Russia','WC2014',172,'2014-06-26'),(6048,'Brazil    V/S   Chile','WC2014',165,'2014-06-28'),(6049,'Colombia    V/S   Uruguay','WC2014',166,'2014-06-28'),(6050,'Netherlands    V/S   Mexico','WC2014',167,'2014-06-29'),(6051,'Costa Rica    V/S   Greece','WC2014',168,'2014-06-29'),(6052,'France    V/S   Nigeria','WC2014',169,'2014-06-30'),(6053,'Germany    V/S   Algeria','WC2014',170,'2014-06-30'),(6054,'Argentina    V/S   Switzerland','WC2014',171,'2014-07-01'),(6055,'Belgium    V/S   United States','WC2014',172,'2014-07-01'),(6056,'Brazil    V/S   Colombia','WC2014',165,'2014-07-04'),(6057,'France    V/S   Germany','WC2014',166,'2014-07-04'),(6058,'Netherlands    V/S   Costa Rica','WC2014',167,'2014-07-05'),(6059,'Argentina    V/S   Belgium','WC2014',168,'2014-07-05'),(6060,'Brazil    V/S   Germany','WC2014',169,'2014-07-08'),(6061,'Netherlands    V/S   Argentina','WC2014',170,'2014-07-09'),(6062,'Brazil    V/S   Netherlands','WC2014',171,'2014-07-12'),(6063,'Germany    V/S   Argentina','WC2014',172,'2014-07-13');
/*!40000 ALTER TABLE `game` ENABLE KEYS */;
UNLOCK TABLES;

--
-- Table structure for table `goal`
--

DROP TABLE IF EXISTS `goal`;
/*!40101 SET @saved_cs_client     = @@character_set_client */;
/*!40101 SET character_set_client = utf8 */;
CREATE TABLE `goal` (
  `game_id` int(11) NOT NULL,
  `goal_no` int(11) NOT NULL,
  `scored_by` int(11) DEFAULT NULL,
  `time` int(11) NOT NULL,
  KEY `game_id` (`game_id`),
  CONSTRAINT `goal_ibfk_1` FOREIGN KEY (`game_id`) REFERENCES `game` (`game_id`)
) ENGINE=InnoDB DEFAULT CHARSET=latin1;
/*!40101 SET character_set_client = @saved_cs_client */;

--
-- Dumping data for table `goal`
--

LOCK TABLES `goal` WRITE;
/*!40000 ALTER TABLE `goal` DISABLE KEYS */;
INSERT INTO `goal` VALUES (5331,1,18,60),(5332,1,28,26),(5332,2,29,12),(5332,3,49,76),(5332,4,62,60),(5332,5,63,1),(5333,1,64,39),(5333,2,65,12),(5333,3,66,13),(5333,4,67,61),(5334,1,68,27),(5334,2,71,90),(5334,3,72,61),(5334,4,73,81),(5338,1,77,14),(5338,1,78,15),(5338,2,79,32),(5339,3,81,28),(5340,4,82,2),(5340,1,83,13),(5340,2,84,62),(5340,3,85,82),(5341,1,86,3),(5341,2,87,28),(5341,1,88,62),(5342,1,89,16),(5342,1,90,63),(5343,2,91,29),(5344,3,93,1),(5345,4,94,46),(5345,5,96,30),(5345,1,97,29),(5345,2,98,17),(5345,1,99,77),(5347,3,102,18),(5347,4,104,4),(5348,1,105,5),(5348,2,106,30),(5348,3,107,41),(5348,4,110,31),(5349,5,111,2),(5349,6,112,78),(5349,7,113,6),(5349,8,114,31),(5349,1,116,19),(5349,2,117,47),(5349,3,118,32),(5349,4,129,83),(5350,1,145,48),(5350,1,148,20),(5350,2,154,33),(5350,1,155,33),(5351,2,156,7),(5352,3,157,32),(5352,1,158,33),(5353,2,159,65),(5353,3,160,3),(5353,4,161,79),(5354,1,162,3),(5354,2,193,63),(5354,3,197,80),(5354,1,217,42),(5355,2,255,34),(5355,3,262,34),(5355,1,264,66),(5356,2,265,64),(5356,3,266,35),(5356,1,267,84),(5357,2,268,14),(5357,3,269,8),(5357,1,270,36),(5358,2,271,34),(5358,1,273,43),(5358,2,275,35),(5359,3,276,4),(5359,4,277,65),(5360,1,285,37),(5360,2,290,9),(5360,3,291,44),(5360,1,294,5),(5361,2,295,15),(5361,3,297,49),(5361,4,298,10),(5362,1,316,35),(5362,2,317,45),(5362,3,318,67),(5362,1,322,6),(5363,1,331,16),(5363,1,332,4),(5363,2,333,81),(5364,1,334,50),(5365,2,335,68),(5366,1,336,85),(5366,2,338,21),(5368,1,340,47),(5368,2,341,38),(5369,3,343,17),(5369,4,344,51),(5370,1,345,52),(5371,2,346,22),(5371,1,347,82),(5371,1,348,5),(5371,1,349,69),(5373,1,365,18),(5373,2,374,11),(5374,1,396,12),(5375,2,397,53),(5376,1,398,83),(5376,1,401,8),(5377,2,402,66),(5377,3,403,39),(5378,4,411,67),(5378,5,438,40),(5379,1,445,86),(5380,1,446,6),(5380,2,462,13),(5380,3,463,36),(5380,1,464,37),(5380,2,465,23),(5381,3,466,53),(5382,4,467,38),(5382,1,468,70),(5382,2,469,71),(5383,1,470,72),(5383,2,471,24),(5383,1,472,41),(5383,2,494,87),(5384,3,506,14),(5384,1,507,68),(5385,2,515,42),(5385,1,526,88),(5386,2,528,49),(5386,3,536,69),(5386,4,548,50),(5387,5,580,43),(5387,6,583,89),(5388,7,592,9),(5388,1,593,54),(5388,2,600,55),(5388,3,601,44),(5388,4,603,19),(5388,1,605,15),(5388,2,606,73),(5389,1,607,74),(5389,2,608,56),(5389,1,609,84),(5389,2,610,7),(5390,3,611,70),(5390,1,612,90),(5391,2,614,45),(5391,3,615,20),(5392,4,616,25),(5392,5,617,71),(5392,1,621,16),(5393,2,625,17),(5393,3,626,48),(5393,1,627,51),(5393,2,680,52),(5393,3,692,10),(5394,1,693,8),(5394,1,696,85),(5394,1,697,54),(5396,1,699,55),(5396,2,701,72),(5396,3,702,75),(5397,4,703,26),(5398,1,704,76),(5399,2,706,57),(5399,3,707,22),(5400,4,708,86),(5400,5,709,27),(5400,6,711,77),(5400,7,718,18),(5401,1,728,19),(5401,2,729,56),(5401,3,730,58),(5401,1,731,78),(5401,2,793,28),(5401,1,806,9),(5401,2,807,73),(5402,1,808,23),(5402,2,810,87),(5402,3,811,57),(5403,1,812,74),(5403,2,813,24),(5404,3,814,58),(5404,1,815,10),(5405,2,817,88),(5405,3,819,20),(5405,1,820,11),(5406,2,821,21),(5406,3,822,1),(5406,4,823,29),(5407,5,824,59),(5407,6,827,30),(5407,7,854,22),(5408,1,856,23),(5408,1,858,24),(5408,1,860,75),(5408,2,861,79),(5408,3,862,59),(5408,1,863,11),(5408,2,864,25),(5409,3,865,89),(5409,4,866,31),(5410,5,867,80),(5410,1,871,26),(5410,2,872,10),(5411,3,878,69),(5411,4,880,36),(5411,1,907,67),(5411,2,909,84),(5411,1,18,46),(5412,2,28,47),(5412,3,29,48),(5412,1,49,70),(5412,2,62,11),(5413,1,63,49),(5413,2,64,50),(5414,3,65,12),(5414,1,66,71),(5414,2,67,85),(5415,3,68,37),(5415,1,71,68),(5416,2,72,13),(5416,3,73,72),(5416,4,74,14),(5417,5,75,86),(5417,1,76,38),(5417,2,77,14),(5418,1,78,87),(5418,2,79,51),(5418,3,81,69),(5418,1,82,52),(5418,1,83,70),(5419,1,84,88),(5419,2,85,15),(5420,1,86,73),(5420,2,87,15),(5420,3,88,39),(5421,4,89,74),(5422,1,90,16),(5423,2,91,53),(5423,3,93,40),(5424,1,94,71),(5424,2,96,16),(5424,3,97,17),(5424,1,98,41),(5425,2,99,72),(5425,1,100,75),(5425,2,102,17),(5426,3,104,89),(5426,4,105,54),(5426,5,106,42),(5427,1,107,18),(5427,2,110,76),(5428,3,111,18),(5428,4,112,73),(5428,5,113,55),(5428,1,114,19),(5428,2,116,74),(5429,1,117,56),(5429,1,118,77),(5429,2,129,19),(5429,3,145,75),(5429,1,148,90),(5430,2,154,20),(5430,3,155,78),(5431,4,156,20),(5432,1,157,43),(5432,2,158,1),(5432,3,159,76),(5433,1,160,57),(5433,1,161,21),(5433,1,162,44),(5433,2,193,79),(5434,1,197,58),(5434,2,217,77),(5434,3,255,22),(5435,1,262,80),(5438,4,266,2),(5439,5,267,59),(5439,6,268,81),(5440,7,269,22),(5440,8,270,60),(5440,1,271,23),(5441,2,273,46),(5441,3,275,3),(5441,4,276,47),(5441,5,277,61),(5441,6,285,24),(5441,1,290,78),(5441,2,291,4),(5441,1,294,82),(5442,2,295,23),(5442,3,297,62),(5442,1,298,83),(5442,2,316,24),(5442,3,317,79),(5442,1,318,5),(5443,2,322,48),(5443,3,331,80),(5444,4,332,84),(5444,1,333,63),(5444,1,334,25),(5445,2,335,6),(5445,3,336,64),(5445,1,338,81),(5446,2,339,85),(5446,3,340,49),(5446,4,341,86),(5446,5,343,25),(5447,6,344,82),(5448,1,345,50),(5448,2,346,65),(5448,1,347,7),(5449,2,348,83),(5449,3,349,66),(5449,4,350,87),(5449,5,365,26),(5449,1,374,88),(5449,2,396,27),(5450,3,397,31),(5450,4,398,8),(5451,1,401,89),(5451,2,402,28),(5451,3,403,9),(5451,1,411,32),(5451,1,438,90),(5452,2,445,1),(5452,3,446,29),(5452,4,462,2),(5452,1,463,30),(5453,2,464,33),(5453,1,465,3),(5453,1,466,4),(5454,2,467,34),(5455,3,468,5),(5455,4,469,6),(5455,1,470,35),(5455,2,471,36),(5456,3,472,7),(5456,1,494,37),(5457,2,506,8),(5458,3,507,38),(5458,4,515,9),(5458,5,526,10),(5458,1,528,39),(5459,2,536,40),(5459,1,548,11),(5459,2,580,41),(5460,3,583,42),(5460,1,592,43),(5460,2,593,12),(5460,1,600,44),(5460,2,601,13),(5461,1,603,45),(5461,1,605,20),(5462,2,606,51),(5462,3,607,68),(5462,1,608,52),(5463,2,609,21),(5463,3,610,87),(5464,4,611,22),(5464,5,612,53),(5465,1,614,69),(5466,2,615,70),(5466,1,616,88),(5466,1,617,23),(5467,1,621,71),(5467,2,625,54),(5467,1,626,89),(5467,1,627,24),(5467,2,680,25),(5468,3,692,90),(5468,4,693,55),(5469,1,696,72),(5470,2,697,56),(5471,3,698,26),(5471,1,699,1),(5472,2,701,27),(5473,3,702,57),(5473,4,703,73),(5473,5,704,2),(5473,1,706,58),(5474,2,707,28),(5474,3,708,74),(5474,4,709,3),(5475,5,711,59),(5475,1,718,75),(5475,1,728,60),(5475,2,729,4),(5475,1,730,29),(5476,2,731,30),(5476,3,793,5),(5476,4,806,61),(5476,1,807,62),(5476,2,808,31),(5477,3,810,76),(5478,4,811,63),(5478,5,812,6),(5479,6,813,32),(5479,1,814,33),(5479,2,815,7),(5479,3,817,77),(5480,4,819,34),(5480,5,820,8),(5480,6,821,78),(5480,1,822,9),(5480,2,823,35),(5480,1,824,10),(5481,2,827,64),(5481,3,854,36),(5481,1,856,65),(5481,2,858,11),(5481,3,860,37),(5481,1,861,12),(5482,2,862,79),(5482,3,863,38),(5483,4,864,66),(5483,1,865,13),(5483,2,866,67),(5484,3,867,14),(5484,4,871,15),(5484,5,872,80),(5485,1,878,39),(5485,2,880,81),(5485,3,907,16),(5485,1,909,40),(5486,1,693,82),(5486,2,696,17),(5486,3,697,83),(5486,1,698,18),(5486,2,699,84),(5487,3,701,19),(5487,1,702,85),(5487,1,703,86),(5489,3,706,2),(5491,2,708,69),(5491,3,709,82),(5491,1,711,48),(5492,2,718,45),(5492,3,728,49),(5492,4,729,21),(5493,5,730,3),(5494,1,731,46),(5494,2,793,83),(5494,3,806,4),(5495,1,807,50),(5495,2,808,5),(5495,1,810,41),(5497,3,812,22),(5497,1,813,47),(5497,2,814,84),(5497,3,815,6),(5497,4,817,85),(5498,1,819,23),(5498,2,820,51),(5498,1,821,86),(5499,2,822,7),(5499,3,823,24),(5500,4,824,48),(5500,5,827,87),(5500,1,854,52),(5501,2,856,88),(5501,3,858,8),(5501,4,860,53),(5501,1,861,9),(5502,1,862,42),(5502,2,863,71),(5503,3,864,54),(5503,4,865,49),(5503,5,866,89),(5503,1,867,25),(5503,2,871,10),(5504,3,872,43),(5504,4,878,72),(5504,5,880,90),(5504,6,907,55),(5505,1,693,26),(5506,2,696,11),(5506,1,697,56),(5506,2,698,50),(5506,3,699,27),(5506,4,701,1),(5508,1,703,12),(5508,2,704,44),(5508,3,706,73),(5508,1,707,51),(5508,2,708,13),(5508,3,709,58),(5509,4,711,52),(5509,1,718,2),(5510,2,728,28),(5510,3,729,3),(5510,1,730,14),(5510,2,731,45),(5510,1,793,74),(5511,2,806,15),(5511,3,807,46),(5511,4,808,75),(5512,5,810,59),(5512,6,811,53),(5512,1,812,29),(5512,1,813,30),(5513,2,814,54),(5513,1,815,60),(5513,2,817,4),(5514,3,819,16),(5514,4,820,17),(5515,5,821,47),(5515,1,822,5),(5515,2,823,76),(5515,1,824,61),(5515,2,827,31),(5515,3,854,6),(5516,1,856,55),(5517,2,858,62),(5517,3,860,18),(5518,1,861,56),(5518,2,862,32),(5518,3,863,19),(5518,4,864,77),(5518,5,865,7),(5519,1,866,63),(5519,2,867,57),(5520,3,871,8),(5520,4,872,20),(5520,5,878,33),(5521,6,880,21),(5521,7,907,9),(5521,1,693,64),(5522,2,696,58),(5522,3,697,22),(5522,4,698,78),(5522,5,699,65),(5522,1,701,34),(5523,2,702,10),(5523,3,703,35),(5523,4,704,23),(5523,1,706,59),(5523,1,707,60),(5523,1,708,66),(5523,2,709,36),(5524,3,711,24),(5524,1,718,79),(5524,1,728,11),(5524,2,729,37),(5524,3,730,25),(5525,1,731,67),(5525,2,793,61),(5525,3,806,12),(5525,1,807,26),(5526,2,808,38),(5527,3,810,68),(5528,4,811,62),(5528,5,812,13),(5528,6,813,27),(5529,1,814,69),(5530,2,815,63),(5530,1,817,39),(5530,2,819,28),(5531,3,820,40),(5531,1,821,70),(5531,2,822,71),(5532,3,823,64),(5532,4,824,29),(5532,1,827,14),(5532,2,854,41),(5532,1,856,30),(5532,2,858,72),(5533,1,860,15),(5533,1,861,65),(5534,1,862,31),(5534,2,863,80),(5534,1,864,73),(5535,2,865,66),(5535,3,866,42),(5535,4,867,43),(5535,5,871,67),(5536,1,872,74),(5536,2,878,16),(5537,3,880,32),(5537,1,907,33),(5538,2,693,75),(5539,3,696,68),(5540,1,697,17),(5540,2,698,34),(5541,3,699,76),(5541,4,701,18),(5541,5,702,44),(5541,1,703,77),(5541,2,704,35),(5542,1,707,78),(5542,2,708,79),(5543,1,709,36),(5543,2,711,37),(5543,3,718,38),(5544,4,728,80),(5544,5,729,39),(5544,1,730,81),(5544,2,731,76),(5544,1,793,60),(5545,2,806,29),(5545,3,807,67),(5546,1,808,33),(5547,2,810,61),(5547,3,811,77),(5548,4,812,34),(5548,5,813,77),(5548,1,814,60),(5548,2,815,35),(5548,1,817,62),(5550,2,820,78),(5550,3,821,89),(5551,1,822,6),(5551,1,823,20),(5551,1,824,36),(5552,2,827,90),(5552,3,854,7),(5552,4,856,21),(5552,1,858,30),(5552,1,860,68),(5553,1,861,63),(5553,2,862,37),(5554,1,863,13),(5555,1,864,27),(5555,2,865,36),(5555,1,866,41),(5556,2,867,64),(5557,3,871,38),(5558,1,872,28),(5558,1,878,79),(5558,2,880,31),(5558,3,907,69),(5559,4,909,65),(5560,1,18,83),(5561,1,28,14),(5561,2,29,39),(5563,1,62,40),(5564,2,63,66),(5564,3,64,29),(5565,4,65,37),(5565,1,66,32),(5565,2,67,70),(5566,3,68,81),(5567,4,71,67),(5567,5,72,61),(5567,1,73,84),(5567,2,77,15),(5568,3,78,41),(5569,1,79,82),(5569,2,81,68),(5570,3,82,1),(5571,1,83,8),(5571,2,84,22),(5571,3,85,38),(5571,1,86,42),(5572,2,87,52),(5572,3,88,83),(5572,4,89,69),(5572,1,90,42),(5572,2,91,78),(5574,4,94,39),(5574,1,96,43),(5574,2,97,70),(5576,1,99,58),(5576,2,102,59),(5576,3,104,85),(5578,2,106,53),(5578,1,107,44),(5578,2,110,30),(5579,1,111,41),(5579,1,112,44),(5579,1,113,54),(5579,2,114,45),(5580,3,116,31),(5580,1,117,86),(5580,2,118,71),(5580,1,129,46),(5581,2,145,87),(5581,3,148,42),(5581,4,154,45),(5582,5,155,72),(5582,6,156,85),(5582,7,157,16),(5583,1,158,33),(5583,2,159,71),(5585,4,161,73),(5585,1,162,88),(5586,1,193,48),(5587,2,197,89),(5588,3,217,74),(5588,1,255,43),(5588,2,262,49),(5589,1,264,32),(5589,2,265,90),(5590,3,266,44),(5590,1,267,75),(5590,1,268,62),(5590,1,269,1),(5590,2,270,45),(5590,3,271,46),(5590,4,273,55),(5591,1,275,50),(5591,2,276,79),(5591,1,277,34),(5591,2,285,72),(5592,3,290,51),(5593,1,291,2),(5593,2,294,9),(5593,3,295,23),(5594,4,297,86),(5594,1,298,17),(5595,2,316,52),(5595,1,317,63),(5595,2,318,46),(5596,3,322,47),(5597,4,331,53),(5598,1,332,47),(5598,2,333,48),(5598,1,334,80),(5598,2,335,73),(5599,1,336,75),(5599,2,338,54),(5600,3,340,55),(5600,4,341,49),(5600,1,343,56),(5601,2,344,64),(5601,1,345,56),(5601,2,346,57),(5601,1,347,57),(5602,2,348,50),(5602,1,349,58),(5603,2,365,3),(5603,3,374,10),(5603,4,396,24),(5603,1,397,65),(5604,2,398,59),(5604,3,401,81),(5605,1,402,51),(5605,2,403,48),(5606,3,411,4),(5606,1,438,11),(5606,1,445,25),(5606,1,446,52),(5607,2,462,49),(5607,3,463,53),(5608,4,464,50),(5608,1,465,87),(5609,1,466,18),(5609,2,467,54),(5610,1,468,51),(5610,2,469,5),(5610,3,470,12),(5610,1,471,26),(5611,1,472,88),(5611,1,494,19),(5611,2,506,74),(5612,3,507,76),(5612,4,515,66),(5612,5,526,82),(5613,6,528,55),(5614,1,536,88),(5615,1,548,41),(5615,1,580,73),(5615,2,583,25),(5615,3,592,73),(5616,1,593,11),(5617,2,600,79),(5617,3,601,26),(5618,1,603,74),(5618,2,605,42),(5618,3,606,43),(5619,4,607,75),(5620,1,608,75),(5621,2,609,80),(5621,3,610,81),(5621,4,611,27),(5621,5,612,28),(5621,1,614,29),(5621,2,615,76),(5622,3,616,56),(5623,4,617,89),(5624,1,621,90),(5624,2,625,44),(5624,3,626,74),(5625,4,627,76),(5625,1,680,30),(5625,2,692,31),(5626,3,693,77),(5626,4,696,57),(5626,1,697,82),(5626,2,699,12),(5627,3,701,83),(5627,1,702,1),(5627,2,703,2),(5627,3,704,3),(5627,4,706,45),(5628,1,707,77),(5628,2,708,32),(5628,3,709,78),(5628,4,711,33),(5629,1,718,34),(5629,2,728,79),(5629,3,729,58),(5629,1,730,84),(5630,2,731,46),(5630,1,793,78),(5630,1,806,13),(5630,2,807,4),(5631,3,808,27),(5631,4,810,47),(5631,5,811,35),(5632,1,812,36),(5632,2,813,37),(5632,3,814,80),(5632,1,815,59),(5633,2,817,85),(5633,3,819,14),(5633,1,820,38),(5633,1,821,81),(5634,2,822,48),(5634,3,823,86),(5634,1,824,87),(5637,2,856,82),(5637,3,858,60),(5638,4,860,15),(5639,1,861,5),(5639,2,862,49),(5639,1,863,41),(5639,2,864,42),(5639,3,865,83),(5640,1,866,61),(5640,2,867,88),(5640,3,871,16),(5641,1,872,89),(5641,2,878,6),(5641,3,880,28),(5642,1,907,50),(5643,1,909,84),(5643,2,18,62),(5643,3,28,17),(5644,1,29,85),(5644,2,49,90),(5645,1,62,51),(5645,2,63,1),(5645,3,64,43),(5645,4,65,44),(5646,5,66,86),(5646,6,67,7),(5647,7,68,29),(5647,8,71,52),(5647,9,72,45),(5648,1,73,87),(5648,2,74,63),(5648,3,75,18),(5649,4,76,8),(5649,5,77,30),(5649,1,78,53),(5650,1,79,2),(5651,2,81,19),(5651,1,82,3),(5651,2,83,46),(5652,3,84,47),(5652,1,85,20),(5653,2,86,9),(5653,3,87,31),(5653,4,88,54),(5653,5,89,4),(5653,1,90,5),(5653,1,91,48),(5653,1,93,10),(5653,1,94,32),(5653,2,96,55),(5654,3,97,6),(5654,4,98,49),(5654,5,99,11),(5654,1,100,33),(5654,2,102,56),(5655,3,104,21),(5656,1,105,7),(5656,1,106,50),(5657,2,107,64),(5657,3,110,12),(5657,4,111,34),(5658,1,112,57),(5658,1,113,22),(5658,2,114,51),(5658,1,116,8),(5658,2,117,13),(5659,3,118,35),(5660,1,129,58),(5661,2,145,23),(5662,3,148,52),(5662,1,154,14),(5662,2,155,36),(5662,3,156,59),(5662,4,157,9),(5663,5,158,24),(5663,1,159,53),(5663,2,160,15),(5664,3,161,37),(5666,2,193,25),(5666,1,197,54),(5666,2,217,26),(5666,3,255,10),(5667,4,262,16),(5668,5,266,38),(5668,1,267,61),(5669,2,268,27),(5669,3,269,17),(5669,4,270,62),(5670,5,271,55),(5670,6,273,28),(5670,7,275,56),(5671,8,276,18),(5671,1,277,63),(5671,2,285,57),(5671,3,290,65),(5671,4,291,19),(5672,1,294,39),(5672,2,295,64),(5672,3,297,58),(5673,1,298,59),(5673,2,316,20),(5674,1,317,65),(5674,2,318,21),(5674,3,322,66),(5674,4,331,60),(5674,1,332,22),(5675,2,333,67),(5675,3,334,61),(5675,1,335,67),(5675,2,336,66),(5675,1,338,23),(5675,2,339,40),(5675,3,340,68),(5675,4,341,62),(5676,1,343,68),(5676,2,344,24),(5676,3,345,69),(5676,1,346,63),(5677,2,347,69),(5677,3,348,25),(5677,4,349,70),(5678,1,350,64),(5678,2,365,70),(5680,5,396,65),(5680,6,397,71),(5680,7,398,67),(5680,1,401,26),(5681,2,402,72),(5681,3,403,66),(5681,4,411,72),(5682,1,438,68),(5682,2,445,48),(5683,1,446,10),(5683,2,462,32),(5683,1,463,55),(5683,2,464,6),(5684,3,465,49),(5684,1,466,11),(5684,2,467,33),(5686,4,469,21),(5686,5,470,7),(5686,1,471,50),(5686,2,472,64),(5687,3,494,12),(5687,1,506,34),(5687,2,507,57),(5687,3,515,22),(5688,1,526,51),(5688,1,528,8),(5689,1,536,13),(5689,2,548,35),(5689,1,580,58),(5689,2,583,23),(5689,3,592,52),(5690,4,593,14),(5690,1,600,36),(5690,2,601,59),(5691,3,603,9),(5691,4,605,24),(5691,5,606,53),(5691,6,607,15),(5692,7,608,37),(5692,1,609,25),(5693,2,610,54),(5693,3,611,26),(5693,1,612,10),(5695,1,615,38),(5695,2,616,61),(5696,1,617,27),(5696,2,621,17),(5696,3,625,62),(5696,1,626,55),(5697,2,627,28),(5697,3,680,56),(5697,1,692,18),(5699,3,696,57),(5699,1,697,65),(5699,2,698,19),(5699,3,699,39),(5700,4,701,64),(5701,5,702,58),(5701,6,703,59),(5701,7,704,20),(5701,1,706,65),(5701,1,707,21),(5703,2,709,60),(5703,3,711,22),(5704,1,718,67),(5704,2,728,61),(5704,3,729,67),(5705,4,730,66),(5705,5,731,23),(5705,1,793,40),(5705,2,806,68),(5706,3,807,62),(5706,4,808,68),(5706,1,810,24),(5706,2,811,69),(5706,1,812,63),(5706,2,813,69),(5706,3,814,25),(5707,1,815,70),(5708,2,817,64),(5708,1,819,70),(5708,2,820,65),(5708,3,821,71),(5708,1,822,67),(5708,2,823,26),(5708,3,824,72),(5708,1,827,66),(5708,2,854,72),(5709,3,856,68),(5709,4,858,72),(5709,5,860,66),(5710,1,861,72),(5710,2,862,68);
/*!40000 ALTER TABLE `goal` ENABLE KEYS */;
UNLOCK TABLES;

--
-- Table structure for table `goal_keeper`
--

DROP TABLE IF EXISTS `goal_keeper`;
/*!40101 SET @saved_cs_client     = @@character_set_client */;
/*!40101 SET character_set_client = utf8 */;
CREATE TABLE `goal_keeper` (
  `rating` int(11) NOT NULL,
  `reflexes` int(11) NOT NULL,
  `kicking` int(11) NOT NULL,
  `diving` int(11) NOT NULL,
  `handling` int(11) NOT NULL,
  `speed` float NOT NULL,
  `positioning` int(11) NOT NULL,
  `player_id` int(11) NOT NULL,
  PRIMARY KEY (`player_id`),
  CONSTRAINT `goal_keeper_ibfk_1` FOREIGN KEY (`player_id`) REFERENCES `player` (`player_id`)
) ENGINE=InnoDB DEFAULT CHARSET=latin1;
/*!40101 SET character_set_client = @saved_cs_client */;

--
-- Dumping data for table `goal_keeper`
--

LOCK TABLES `goal_keeper` WRITE;
/*!40000 ALTER TABLE `goal_keeper` DISABLE KEYS */;
INSERT INTO `goal_keeper` VALUES (78,85,71,78,76,46,76,15),(75,81,61,79,73,58,74,32),(77,78,74,82,76,47,75,44),(76,81,69,79,74,58,71,51),(81,87,72,85,76,60,77,59),(76,83,62,82,72,41,74,72),(82,84,74,83,80,52,80,77),(79,84,73,81,78,50,77,95),(75,79,70,78,72,45,72,98),(81,85,78,82,80,49,82,103),(84,85,81,84,84,46,83,109),(78,81,77,82,75,47,77,110),(79,82,66,81,76,50,78,115),(75,86,60,82,72,44,66,124),(80,82,81,78,79,38,79,132),(83,86,84,83,82,58,78,157),(76,78,68,76,77,48,79,164),(81,83,79,82,78,51,81,180),(78,84,78,83,71,34,77,193),(86,89,86,88,81,51,83,195),(83,88,76,88,76,55,77,206),(81,81,64,84,78,42,80,207),(77,79,75,78,79,52,69,254),(76,82,74,74,77,32,76,282),(77,81,69,80,75,47,78,296),(78,82,70,80,75,54,76,299),(75,81,62,81,67,50,74,304),(80,86,73,81,78,51,77,312),(80,87,77,83,67,47,79,314),(84,88,68,86,82,65,81,333),(79,76,80,71,82,32,84,345),(75,79,80,76,72,61,78,346),(76,78,77,78,79,59,76,350),(81,82,72,77,84,43,83,364),(76,83,50,76,77,36,75,367),(75,82,69,79,71,51,71,374),(83,86,76,85,78,59,80,395),(75,80,74,77,69,38,74,404),(75,77,73,76,71,53,74,407),(75,80,70,75,70,62,77,411),(77,82,71,80,72,42,74,448),(75,81,85,79,71,40,70,454),(82,85,79,83,79,45,80,460),(79,83,69,82,74,61,77,465),(81,81,80,83,82,32,82,469),(76,81,67,78,73,32,72,475),(78,84,74,80,74,48,77,502),(78,84,73,77,80,50,78,520),(77,79,82,81,75,35,76,523),(90,86,91,85,87,58,90,530),(82,85,82,83,81,38,78,535),(77,82,79,78,75,62,73,550),(75,79,68,79,69,41,75,566),(78,84,82,80,74,62,75,569),(80,84,77,83,75,57,79,597),(81,80,81,85,80,46,82,619),(75,77,71,75,76,39,74,639),(78,83,54,81,76,47,76,651),(85,84,73,83,84,45,83,685),(76,80,70,80,73,51,74,697),(81,85,65,82,79,38,81,704),(79,80,81,78,81,58,80,713),(76,78,76,78,75,36,76,714),(79,82,73,80,77,46,79,716),(80,84,74,82,79,49,79,737),(79,77,53,79,81,20,79,739),(80,82,66,78,80,46,81,741),(75,83,80,80,71,47,70,744),(82,84,75,84,79,50,80,758),(75,77,75,72,76,46,78,782),(81,83,80,84,81,59,81,785),(76,82,81,76,67,44,73,788),(75,75,72,72,73,41,79,790),(78,84,65,82,75,55,73,798),(75,76,67,80,73,36,74,804),(83,86,77,83,81,55,83,811),(83,84,79,85,78,53,81,814),(77,82,60,81,76,44,75,825),(86,88,69,84,87,46,86,835),(76,84,54,84,72,52,68,837),(80,82,77,82,76,50,81,843),(79,84,73,81,78,50,75,844),(79,80,79,77,78,45,82,846),(76,79,66,78,75,42,76,851),(75,80,71,80,69,55,79,856),(82,83,77,82,78,60,85,872),(82,91,77,81,82,50,81,875),(78,82,69,80,72,49,81,890),(82,86,85,84,82,48,76,899);
/*!40000 ALTER TABLE `goal_keeper` ENABLE KEYS */;
UNLOCK TABLES;

--
-- Table structure for table `league`
--

DROP TABLE IF EXISTS `league`;
/*!40101 SET @saved_cs_client     = @@character_set_client */;
/*!40101 SET character_set_client = utf8 */;
CREATE TABLE `league` (
  `league_id` int(11) NOT NULL,
  `league_name` varchar(100) DEFAULT NULL,
  `no_of_teams` int(11) NOT NULL,
  `country` varchar(100) DEFAULT NULL,
  PRIMARY KEY (`league_id`)
) ENGINE=InnoDB DEFAULT CHARSET=latin1;
/*!40101 SET character_set_client = @saved_cs_client */;

--
-- Dumping data for table `league`
--

LOCK TABLES `league` WRITE;
/*!40000 ALTER TABLE `league` DISABLE KEYS */;
INSERT INTO `league` VALUES (1,'Barclays Premier League',20,'England'),(2,'Bundesliga',18,'Germany'),(3,'Ligue 1',20,'France'),(4,'Laliga',20,'Spain');
/*!40000 ALTER TABLE `league` ENABLE KEYS */;
UNLOCK TABLES;

--
-- Table structure for table `league_game`
--

DROP TABLE IF EXISTS `league_game`;
/*!40101 SET @saved_cs_client     = @@character_set_client */;
/*!40101 SET character_set_client = utf8 */;
CREATE TABLE `league_game` (
  `game_id` int(11) NOT NULL,
  `league_id` int(11) NOT NULL,
  `home_club` int(11) NOT NULL,
  `away_club` int(11) NOT NULL,
  `club_score` int(11) NOT NULL,
  `opponent_score` int(11) NOT NULL,
  `result` varchar(1) NOT NULL,
  PRIMARY KEY (`game_id`),
  KEY `league_id` (`league_id`),
  KEY `home_club` (`home_club`),
  KEY `away_club` (`away_club`),
  CONSTRAINT `league_game_ibfk_1` FOREIGN KEY (`game_id`) REFERENCES `game` (`game_id`),
  CONSTRAINT `league_game_ibfk_2` FOREIGN KEY (`league_id`) REFERENCES `league` (`league_id`),
  CONSTRAINT `league_game_ibfk_3` FOREIGN KEY (`home_club`) REFERENCES `club` (`club_id`),
  CONSTRAINT `league_game_ibfk_4` FOREIGN KEY (`away_club`) REFERENCES `club` (`club_id`)
) ENGINE=InnoDB DEFAULT CHARSET=latin1;
/*!40101 SET character_set_client = @saved_cs_client */;

--
-- Dumping data for table `league_game`
--

LOCK TABLES `league_game` WRITE;
/*!40000 ALTER TABLE `league_game` DISABLE KEYS */;
INSERT INTO `league_game` VALUES (5331,4,29,5,0,1,'A'),(5332,4,36,59,1,4,'A'),(5333,4,44,71,1,3,'A'),(5334,4,22,25,3,1,'H'),(5335,4,33,78,0,0,'D'),(5336,4,44,55,0,0,'D'),(5337,4,53,1,0,0,'D'),(5338,4,57,8,0,3,'A'),(5339,4,60,73,1,0,'H'),(5340,4,6,62,4,0,'H'),(5341,4,5,6,1,2,'A'),(5342,4,8,29,0,2,'A'),(5343,4,55,53,1,0,'H'),(5344,4,71,57,1,0,'H'),(5345,4,25,36,4,1,'H'),(5346,4,59,33,0,0,'D'),(5347,4,62,44,2,0,'H'),(5348,4,73,22,4,0,'H'),(5349,4,78,44,3,5,'A'),(5350,4,1,60,2,2,'D'),(5351,4,22,1,1,0,'H'),(5352,4,44,53,2,0,'H'),(5353,4,60,55,1,2,'A'),(5354,4,62,5,2,2,'D'),(5355,4,6,8,1,2,'A'),(5356,4,29,71,1,2,'A'),(5357,4,36,73,1,2,'A'),(5358,4,44,59,1,2,'A'),(5359,4,57,78,2,0,'H'),(5360,4,33,25,2,2,'D'),(5361,4,5,44,3,0,'H'),(5362,4,53,60,3,1,'H'),(5363,4,55,22,3,0,'H'),(5364,4,1,36,0,1,'A'),(5365,4,8,62,1,0,'H'),(5366,4,71,6,1,1,'D'),(5367,4,78,29,0,0,'D'),(5368,4,25,44,0,2,'A'),(5369,4,59,57,1,1,'D'),(5370,4,73,33,1,0,'H'),(5371,4,5,8,1,3,'A'),(5372,4,36,55,0,0,'D'),(5373,4,62,71,0,2,'A'),(5374,4,6,78,1,0,'H'),(5375,4,22,53,1,0,'H'),(5376,4,29,59,2,0,'H'),(5377,4,33,1,0,2,'A'),(5378,4,44,60,2,0,'H'),(5379,4,57,25,0,1,'A'),(5380,4,44,73,2,3,'A'),(5381,4,60,22,1,0,'H'),(5382,4,71,5,2,1,'H'),(5383,4,78,62,2,2,'D'),(5384,4,1,44,1,1,'D'),(5385,4,8,44,1,1,'D'),(5386,4,25,29,3,0,'H'),(5387,4,53,36,1,1,'D'),(5388,4,55,33,6,1,'H'),(5389,4,59,6,3,1,'H'),(5390,4,73,57,2,0,'H'),(5391,4,6,25,2,0,'H'),(5392,4,8,71,2,1,'H'),(5393,4,44,55,1,4,'A'),(5394,4,5,78,2,1,'H'),(5395,4,33,53,0,0,'D'),(5396,4,36,60,2,1,'H'),(5397,4,44,22,0,1,'A'),(5398,4,57,1,1,0,'H'),(5399,4,62,59,2,0,'H'),(5400,4,29,73,2,2,'D'),(5401,4,55,57,6,1,'H'),(5402,4,71,44,1,2,'A'),(5403,4,78,8,0,2,'A'),(5404,4,1,29,1,1,'D'),(5405,4,22,36,2,1,'H'),(5406,4,25,62,3,0,'H'),(5407,4,53,44,3,0,'H'),(5408,4,59,5,4,3,'H'),(5409,4,73,6,2,0,'H'),(5410,4,60,33,3,0,'H'),(5411,4,8,59,5,0,'H'),(5412,4,29,55,1,3,'A'),(5413,4,71,78,1,1,'D'),(5414,4,5,25,3,0,'H'),(5415,4,6,1,1,1,'D'),(5416,4,33,22,3,0,'H'),(5417,4,44,60,1,2,'A'),(5418,4,57,53,4,1,'H'),(5419,4,62,73,1,1,'D'),(5420,4,44,36,2,1,'H'),(5421,4,22,44,1,0,'H'),(5422,4,60,57,1,0,'H'),(5423,4,1,62,1,1,'D'),(5424,4,25,8,1,3,'A'),(5425,4,36,33,1,2,'A'),(5426,4,53,29,3,0,'H'),(5427,4,55,6,2,0,'H'),(5428,4,73,5,4,1,'H'),(5429,4,78,44,3,2,'H'),(5430,4,59,71,2,0,'H'),(5431,4,5,1,1,0,'H'),(5432,4,6,53,3,0,'H'),(5433,4,8,73,3,1,'H'),(5434,4,29,60,2,1,'H'),(5435,4,44,36,1,0,'H'),(5436,4,44,33,0,0,'D'),(5437,4,57,22,0,0,'D'),(5438,4,62,55,0,1,'A'),(5439,4,71,25,2,0,'H'),(5440,4,78,59,1,2,'A'),(5441,4,1,8,0,8,'A'),(5442,4,55,5,5,1,'H'),(5443,4,73,71,1,1,'D'),(5444,4,22,29,3,0,'H'),(5445,4,33,44,3,0,'H'),(5446,4,36,57,3,1,'H'),(5447,4,53,62,1,0,'H'),(5448,4,59,44,1,2,'A'),(5449,4,60,6,2,4,'A'),(5450,4,25,78,1,1,'D'),(5451,4,6,22,2,3,'A'),(5452,4,59,25,1,3,'A'),(5453,4,78,73,0,3,'A'),(5454,4,5,53,1,0,'H'),(5455,4,29,36,3,1,'H'),(5456,4,44,44,2,0,'H'),(5457,4,57,33,1,0,'H'),(5458,4,62,60,1,3,'A'),(5459,4,71,1,2,1,'H'),(5460,4,8,55,5,0,'H'),(5461,4,36,6,2,0,'H'),(5462,4,53,8,0,3,'A'),(5463,4,55,71,2,0,'H'),(5464,4,1,78,1,1,'D'),(5465,4,22,62,1,0,'H'),(5466,4,25,44,3,0,'H'),(5467,4,44,57,4,1,'H'),(5468,4,60,5,2,0,'H'),(5469,4,73,59,1,0,'H'),(5470,4,33,29,1,0,'H'),(5471,4,6,33,2,0,'H'),(5472,4,25,73,1,0,'H'),(5473,4,59,1,1,3,'A'),(5474,4,5,22,2,1,'H'),(5475,4,8,60,5,0,'H'),(5476,4,29,44,4,1,'H'),(5477,4,44,57,0,1,'A'),(5478,4,62,36,1,1,'D'),(5479,4,78,55,1,3,'A'),(5480,4,71,53,3,3,'D'),(5481,4,22,8,1,5,'A'),(5482,4,33,62,1,1,'D'),(5483,4,36,5,1,2,'A'),(5484,4,60,71,1,2,'A'),(5485,4,73,44,3,1,'H'),(5486,4,1,25,2,3,'A'),(5487,4,44,6,0,3,'A'),(5488,4,53,78,0,0,'D'),(5489,4,55,59,1,0,'H'),(5490,4,57,29,0,0,'D'),(5491,4,5,33,1,2,'A'),(5492,4,8,36,2,1,'H'),(5493,4,59,53,1,0,'H'),(5494,4,62,44,1,2,'A'),(5495,4,71,22,2,1,'H'),(5496,4,6,57,0,0,'D'),(5497,4,25,55,2,3,'A'),(5498,4,44,29,3,0,'H'),(5499,4,73,1,2,0,'H'),(5500,4,78,60,2,1,'H'),(5501,4,33,8,0,4,'A'),(5502,4,44,5,1,1,'D'),(5503,4,60,59,2,3,'A'),(5504,4,22,78,4,0,'H'),(5505,4,36,71,0,1,'A'),(5506,4,44,1,4,1,'H'),(5507,4,53,25,0,0,'D'),(5508,4,55,73,4,2,'H'),(5509,4,57,62,1,1,'D'),(5510,4,29,6,4,1,'H'),(5511,4,5,57,2,1,'H'),(5512,4,25,60,0,4,'A'),(5513,4,59,22,1,2,'A'),(5514,4,62,29,2,0,'H'),(5515,4,73,53,4,2,'H'),(5516,4,78,36,1,0,'H'),(5517,4,1,55,1,1,'D'),(5518,4,8,44,4,1,'H'),(5519,4,71,33,2,0,'H'),(5520,4,6,44,3,0,'H'),(5521,4,8,57,3,0,'H'),(5522,4,59,36,4,1,'H'),(5523,4,71,44,4,3,'H'),(5524,4,1,53,3,2,'H'),(5525,4,25,22,1,3,'A'),(5526,4,55,44,1,0,'H'),(5527,4,62,6,1,0,'H'),(5528,4,73,60,2,1,'H'),(5529,4,78,33,1,0,'H'),(5530,4,5,29,3,0,'H'),(5531,4,29,8,0,3,'A'),(5532,4,33,59,3,3,'D'),(5533,4,36,25,2,0,'H'),(5534,4,44,78,1,2,'A'),(5535,4,44,62,0,4,'A'),(5536,4,60,1,2,0,'H'),(5537,4,6,5,0,2,'A'),(5538,4,22,73,0,1,'A'),(5539,4,53,55,1,0,'H'),(5540,4,57,71,1,1,'D'),(5541,4,1,22,3,2,'H'),(5542,4,5,62,3,0,'H'),(5543,4,8,6,3,0,'H'),(5544,4,25,33,4,1,'H'),(5545,4,53,44,1,1,'D'),(5546,4,73,36,0,1,'A'),(5547,4,78,57,1,1,'D'),(5548,4,55,60,4,1,'H'),(5549,4,59,44,0,0,'D'),(5550,4,71,29,2,0,'H'),(5551,4,6,71,1,2,'A'),(5552,4,57,59,3,2,'H'),(5553,4,62,8,1,1,'D'),(5554,4,22,55,0,1,'A'),(5555,4,29,78,2,1,'H'),(5556,4,33,73,1,0,'H'),(5557,4,36,1,1,0,'H'),(5558,4,44,25,2,2,'D'),(5559,4,60,53,1,0,'H'),(5560,4,44,5,1,0,'H'),(5561,4,55,36,2,0,'H'),(5562,4,71,62,0,0,'D'),(5563,4,78,6,0,1,'A'),(5564,4,1,33,1,1,'D'),(5565,4,8,5,2,1,'H'),(5566,4,25,57,0,1,'A'),(5567,4,53,22,4,0,'H'),(5568,4,59,29,1,0,'H'),(5569,4,73,44,1,1,'D'),(5570,4,60,44,1,0,'H'),(5571,4,6,59,2,2,'D'),(5572,4,22,60,4,1,'H'),(5573,4,33,55,0,0,'D'),(5574,4,44,8,0,3,'A'),(5575,4,62,78,0,0,'D'),(5576,4,5,71,1,2,'A'),(5577,4,29,25,0,0,'D'),(5578,4,36,53,2,1,'H'),(5579,4,57,73,2,2,'D'),(5580,4,44,1,3,1,'H'),(5581,4,22,44,1,2,'A'),(5582,4,59,62,3,0,'H'),(5583,4,25,6,1,1,'D'),(5584,4,53,33,0,0,'D'),(5585,4,60,36,1,1,'D'),(5586,4,71,8,0,1,'A'),(5587,4,73,29,1,0,'H'),(5588,4,78,5,2,1,'H'),(5589,4,1,57,1,1,'D'),(5590,4,55,44,7,0,'H'),(5591,4,6,73,3,1,'H'),(5592,4,8,78,1,0,'H'),(5593,4,44,71,1,2,'A'),(5594,4,5,59,2,0,'H'),(5595,4,29,1,1,2,'A'),(5596,4,36,22,1,0,'H'),(5597,4,44,53,0,1,'A'),(5598,4,57,55,1,3,'A'),(5599,4,62,25,2,0,'H'),(5600,4,33,60,2,1,'H'),(5601,4,1,6,2,2,'D'),(5602,4,55,29,2,0,'H'),(5603,4,78,71,4,0,'H'),(5604,4,22,33,2,0,'H'),(5605,4,36,44,1,1,'D'),(5606,4,53,57,3,1,'H'),(5607,4,59,8,1,1,'D'),(5608,4,60,44,0,2,'A'),(5609,4,73,62,1,1,'D'),(5610,4,25,5,2,2,'D'),(5611,4,6,55,1,2,'A'),(5612,4,8,25,2,1,'H'),(5613,4,44,78,1,0,'H'),(5614,4,5,73,0,1,'A'),(5615,4,29,53,0,4,'A'),(5616,4,33,36,0,1,'A'),(5617,4,44,22,2,0,'H'),(5618,4,57,60,2,1,'H'),(5619,4,62,1,1,0,'H'),(5620,4,71,59,0,1,'A'),(5621,4,25,71,2,4,'A'),(5622,4,55,62,0,1,'A'),(5623,4,73,8,0,1,'A'),(5624,4,22,57,1,2,'A'),(5625,4,33,44,2,1,'H'),(5626,4,36,44,3,1,'H'),(5627,4,53,6,2,3,'A'),(5628,4,59,78,3,1,'H'),(5629,4,60,29,1,3,'A'),(5630,4,1,5,1,3,'A'),(5631,4,5,55,0,3,'A'),(5632,4,8,1,3,1,'H'),(5633,4,44,59,2,2,'D'),(5634,4,6,60,3,0,'H'),(5635,4,29,22,0,0,'D'),(5636,4,44,33,0,0,'D'),(5637,4,57,36,1,1,'D'),(5638,4,62,53,1,0,'H'),(5639,4,71,73,5,0,'H'),(5640,4,78,25,2,1,'H'),(5641,4,1,71,0,3,'A'),(5642,4,25,59,1,0,'H'),(5643,4,44,44,3,0,'H'),(5644,4,55,8,1,1,'D'),(5645,4,22,6,2,2,'D'),(5646,4,33,57,2,0,'H'),(5647,4,36,29,2,1,'H'),(5648,4,53,5,1,2,'A'),(5649,4,60,62,2,1,'H'),(5650,4,73,78,1,0,'H'),(5651,4,5,60,2,1,'H'),(5652,4,8,53,2,0,'H'),(5653,4,71,55,3,6,'A'),(5654,4,6,36,4,1,'H'),(5655,4,29,33,1,0,'H'),(5656,4,44,25,2,0,'H'),(5657,4,57,44,1,2,'A'),(5658,4,59,73,3,2,'H'),(5659,4,62,22,1,0,'H'),(5660,4,78,1,1,0,'H'),(5661,4,33,6,0,1,'A'),(5662,4,55,78,2,3,'A'),(5663,4,60,8,2,1,'H'),(5664,4,1,59,0,1,'A'),(5665,4,36,62,0,0,'D'),(5666,4,44,29,3,1,'H'),(5667,4,53,71,1,0,'H'),(5668,4,57,44,2,0,'H'),(5669,4,73,25,2,1,'H'),(5670,4,22,5,2,1,'H'),(5671,4,5,36,3,2,'H'),(5672,4,6,44,0,3,'A'),(5673,4,25,1,2,0,'H'),(5674,4,29,57,2,3,'A'),(5675,4,59,55,2,6,'A'),(5676,4,62,33,2,2,'D'),(5677,4,71,60,3,0,'H'),(5678,4,8,22,2,0,'H'),(5679,4,44,73,0,0,'D'),(5680,4,78,53,1,3,'A'),(5681,4,33,5,2,1,'H'),(5682,4,44,62,2,0,'H'),(5683,4,55,25,4,0,'H'),(5684,4,57,6,2,1,'H'),(5685,4,1,73,0,0,'D'),(5686,4,22,71,2,2,'D'),(5687,4,29,44,2,2,'D'),(5688,4,36,8,1,1,'D'),(5689,4,53,59,3,2,'H'),(5690,4,60,78,2,1,'H'),(5691,4,1,44,3,1,'H'),(5692,4,5,44,1,1,'D'),(5693,4,6,29,2,1,'H'),(5694,4,8,33,0,0,'D'),(5695,4,25,53,2,0,'H'),(5696,4,59,60,3,1,'H'),(5697,4,62,57,2,1,'H'),(5698,4,71,36,0,0,'D'),(5699,4,73,55,1,3,'A'),(5700,4,78,22,1,0,'H'),(5701,4,22,59,2,3,'A'),(5702,4,29,62,0,0,'D'),(5703,4,33,71,0,2,'A'),(5704,4,36,78,1,2,'A'),(5705,4,44,8,1,3,'A'),(5706,4,44,6,3,4,'A'),(5707,4,53,73,1,0,'H'),(5708,4,55,1,8,1,'H'),(5709,4,57,5,1,2,'A'),(5710,4,60,25,1,1,'D');
/*!40000 ALTER TABLE `league_game` ENABLE KEYS */;
UNLOCK TABLES;

--
-- Table structure for table `manager`
--

DROP TABLE IF EXISTS `manager`;
/*!40101 SET @saved_cs_client     = @@character_set_client */;
/*!40101 SET character_set_client = utf8 */;
CREATE TABLE `manager` (
  `manager_id` int(11) NOT NULL,
  `first_name` varchar(100) NOT NULL,
  `last_name` varchar(100) NOT NULL,
  `win_percentage` float NOT NULL,
  `previous_wins` int(11) NOT NULL,
  PRIMARY KEY (`manager_id`)
) ENGINE=InnoDB DEFAULT CHARSET=latin1;
/*!40101 SET character_set_client = @saved_cs_client */;

--
-- Dumping data for table `manager`
--

LOCK TABLES `manager` WRITE;
/*!40000 ALTER TABLE `manager` DISABLE KEYS */;
INSERT INTO `manager` VALUES (1,'Eddie','Howe',49.44,89),(2,'Arsene','Wenger',57.27,638),(3,'Eric','Black',0,0),(4,'Guus','Hiddink',42.86,9),(5,'Alan','Pardew',45,27),(6,'Roberto','Martinez',43.7,59),(7,'Claudio','Ranieri',58.33,21),(8,'Jürgen','Klopp',45,18),(9,'Manuel','Pellegrini',62.18,97),(10,'Louis','vanGaal',49.46,46),(11,'Rafael','Benitez',0,0),(12,'Alex','Neil',44.26,27),(13,'Ronald','Koeman',46.43,39),(14,'Mark','Hughes',39.84,51),(15,'Sam','Allardyce',24,6),(16,'Francesco','Guidolin',40,4),(17,'Mauricio','Pochettino',50.96,53),(18,'Quique','Flores',37.84,14),(19,'Tony','Pulis',36.07,22),(20,'Slaven','Bilic',43.18,19),(21,'Markus','Weinzierl',35.54,102),(22,'Roger','Schmidt',48.31,171),(23,'Pep','Guardiola',72.94,318),(24,'Thomas','Tuchel',48.05,123),(25,'Andre','Schubert',55.17,16),(26,'Dirk','Schuster',45.49,106),(27,'Niko','Kovac',62.5,15),(28,'Bruno','Labbadia',46.48,178),(29,'Andre','Breitenreiter',45.57,72),(30,'Jurgen','Kramny',31.67,57),(31,'Ralph','Hasenhuttl',42.21,84),(32,'Pal','Dardai',48.08,25),(33,'Julian','Nagelsmann',40,2),(34,'Peter','Stoger',46.33,139),(35,'Viktor','Skrypnyk',52.53,52),(36,'Dieter','Hecking',44.41,290),(37,'Martin','Schmidt',31.78,116),(38,'Daniel','Stendel',16.84,63),(39,'Olivier','Auriac',34.86,65),(40,'Francois','Ciccolini',42,41),(41,'Ulrich','Rame',38.86,27),(42,'Patrice','Garande',26.8,30),(43,'Thierry','Laurey',29.2,27),(44,'Jocelyn','Gourvennec',41.22,59),(45,'Frederic','Antonetti',37.63,46),(46,'Sylvain','Ripoll',23.36,33),(47,'Bruno','Genesio',18,9),(48,'Michel','',43.88,21),(49,'Leonardo','Jardim',40.03,36),(50,'Frederic','Hantz',17.96,29),(51,'Michel','DerZakarian',32.89,31),(52,'Claude','Puel',37.14,12),(53,'Laurent','Blanc',59.32,132),(54,'Olivier','Guegan',28.71,31),(55,'Rolland','Courbis',19.27,27),(56,'Christophe','Galtier',21.89,18),(57,'Dominique','Arribage',30.26,43),(58,'Olivier','Tingry',36.81,35),(59,'Ernesto','Valverde',50.43,292),(60,'Diego','Simeone',55.53,251),(61,'Luis','Enrique',57.05,182),(62,'Eduardo','Berizzo',35,35),(63,'Victor','Sanchez',21.43,9),(64,'Jose','LuisMendilibar',32.35,11),(65,'Constantin','Galca',53.33,48),(66,'Fran','Escriba',33.12,52),(67,'Jose','Gonzalez',40.89,116),(68,'Quique','Setien',12,9),(69,'Rubi','',41.9,176),(70,'Javi','Gracia',23.2,57),(71,'Paco','Jemez',33.77,52),(72,'Jaun','Merino',39.27,43),(73,'Zinedine','Zidane',52.78,38),(74,'Eusebio','Sacristan',35.86,85),(75,'Unai','Emery',49.92,295),(76,'Abelardo','Fernandez',42.27,100),(77,'Pako','Ayestaran',43.37,36),(78,'Marcelino','',32,17),(79,'Vicente','delBosque',55.08,255),(80,'Morten','Olsen',50.24,210),(81,'Joachim','Low',54.6,184),(82,'Marcel','Koller',42.16,199),(83,'Erik','Hamren',55.65,128),(84,'Roy','Hodgson',43.52,433),(85,'Didier','Deschamps',52.67,217),(86,'Dunga','',74.7,65),(87,'Gustavo','Quinteros',38.98,52),(88,'Oscar','Tabarez',49.7,84),(89,'Gerardo','Martino',56.54,108),(90,'Fernando','Santos',49.3,390),(91,'Antonio','Conte',55.31,177),(92,'Marc','Wilmots',45.83,33),(93,'Jorge','Sampaoli',53.2,47),(94,'Jose','Pekerman',41.7,65),(95,'Chris','Coleman',33,114),(96,'Ante','Cacic',45.76,27),(97,'Leonid','Slutsky',51.46,212),(98,'Jan','Kozak',58.62,17),(99,'Kostas','Tsanas',43.27,65),(100,'Ramon','Diaz',38.87,109),(101,'Ricardo','Gareca',51.29,119),(102,'Alain','Giresse',56.8,145),(103,'Pavel','Vrba',54.25,220),(104,'Mauricio','Soria',43,153),(105,'Shawky','Gharieb',18.18,2),(106,'Volker','Finke',40.61,292),(107,'James','Appiah',45.23,104),(108,'Stephen','Keshi',43.71,74),(109,'Sabri','Lamouchi',37.98,43),(110,'Nabil','Maaloul',50.76,138),(111,'Ricardo','Mannetti',28.62,30),(112,'Georges','Leekens',48.7,69),(113,'Gordon','Igesund',28.9,16),(114,'Vahid','',51.7,238),(115,'Rachid','Taoussi',38.9,53),(116,'Kamel','Djabour',45.8,106),(117,'Mohamed','Abdallah',22.22,22),(118,'Sewnet','Bishaw',33.33,33),(119,'Chutia','Saala',17.94,87),(120,'Jurgen','Klinsmann',59.78,128),(121,'Ricardo','Gomez',34.61,114),(122,'Gordon','Leekens',42.8,49),(123,'Morgan','Freeman',58.8,78),(124,'Maradona','Diago',47.3,85),(125,'Abdulla','Sheikh',39,38),(126,'Vahid','Hali',46.2,67),(127,'Mohammed','Samrat',43.74,54),(128,'Freido','Pinto',37.8,82),(129,'Lin','Krios',52.8,127),(130,'David','Boon',43.8,27),(131,'Hamid','Ansari',34.8,46);
/*!40000 ALTER TABLE `manager` ENABLE KEYS */;
UNLOCK TABLES;

--
-- Table structure for table `national_team`
--

DROP TABLE IF EXISTS `national_team`;
/*!40101 SET @saved_cs_client     = @@character_set_client */;
/*!40101 SET character_set_client = utf8 */;
CREATE TABLE `national_team` (
  `team_id` int(11) NOT NULL,
  `team_name` varchar(100) NOT NULL,
  `no_of_trophies` int(11) NOT NULL,
  `mascot` varchar(100) DEFAULT NULL,
  `manager_id` int(11) NOT NULL,
  PRIMARY KEY (`team_id`),
  KEY `manager_id` (`manager_id`),
  CONSTRAINT `national_team_ibfk_1` FOREIGN KEY (`manager_id`) REFERENCES `manager` (`manager_id`)
) ENGINE=InnoDB DEFAULT CHARSET=latin1;
/*!40101 SET character_set_client = @saved_cs_client */;

--
-- Dumping data for table `national_team`
--

LOCK TABLES `national_team` WRITE;
/*!40000 ALTER TABLE `national_team` DISABLE KEYS */;
INSERT INTO `national_team` VALUES (1,'Algeria',1,'',114),(2,'Argentina',16,'',89),(3,'Australia',1,'',130),(4,'Austria',0,'',82),(5,'Belgium',0,'',92),(6,'Bolivia',1,'',104),(7,'Brazil',13,'',86),(8,'Cameroon',4,'',106),(9,'Canada',2,'',122),(10,'Chile',1,'',93),(11,'Colombia',1,'',94),(12,'Congo',1,'',116),(13,'Costa Rica',3,'',121),(14,'Croatia',0,'',96),(15,'Czech Republic',1,'',103),(16,'Denmark',1,'',80),(17,'Ecuador',0,'',87),(18,'Egypt',7,'',105),(19,'England',1,'',84),(20,'Ethiopia',1,'',118),(21,'France',3,'',85),(22,'Germany',7,'',81),(23,'Ghana',4,'',107),(24,'Greece',1,'',99),(25,'Guatemala',1,'',125),(26,'Haiti',1,'',124),(27,'Honduras',1,'',123),(28,'Iran',3,'',128),(29,'Iraq',1,'',131),(30,'Italy',5,'',91),(31,'Ivory Coast',2,'',109),(32,'Japan',4,'',126),(33,'Kuwait',1,'',110),(34,'Mexico',9,'',119),(35,'Morocco',1,'',115),(36,'Netherlands',1,'',4),(37,'Nigeria',3,'',108),(38,'Paraguay',2,'',100),(39,'Peru',2,'',101),(40,'Portugal',0,'',90),(41,'Russia',1,'',97),(42,'Saudi Arabia',3,'',127),(43,'Senegal',0,'',102),(44,'Slovakia',0,'',98),(45,'South Africa',1,'',113),(46,'South Korea',2,'',129),(47,'Spain',4,'',79),(48,'Sudan',1,'',117),(49,'Sweden',0,'',83),(50,'Tunisia',1,'',112),(51,'United States',5,'',120),(52,'Uruguay',17,'',88),(53,'Wales',0,'',95),(54,'Zambia',1,'',111);
/*!40000 ALTER TABLE `national_team` ENABLE KEYS */;
UNLOCK TABLES;

--
-- Table structure for table `outfield_player`
--

DROP TABLE IF EXISTS `outfield_player`;
/*!40101 SET @saved_cs_client     = @@character_set_client */;
/*!40101 SET character_set_client = utf8 */;
CREATE TABLE `outfield_player` (
  `rating` int(11) NOT NULL,
  `pace` float NOT NULL,
  `shooting` int(11) NOT NULL,
  `passing` int(11) NOT NULL,
  `driblling` int(11) NOT NULL,
  `defending` int(11) NOT NULL,
  `physical` int(11) NOT NULL,
  `heading` int(11) NOT NULL,
  `stamina` int(11) NOT NULL,
  `strength` int(11) NOT NULL,
  `agression` int(11) NOT NULL,
  `interception` int(11) NOT NULL,
  `positioning` int(11) NOT NULL,
  `vision` int(11) NOT NULL,
  `ball_control` int(11) NOT NULL,
  `crossing` int(11) NOT NULL,
  `free_kicks` int(11) NOT NULL,
  `long_shot` int(11) NOT NULL,
  `penalties` int(11) NOT NULL,
  `position` varchar(20) NOT NULL,
  `player_id` int(11) NOT NULL,
  PRIMARY KEY (`player_id`),
  CONSTRAINT `outfield_player_ibfk_1` FOREIGN KEY (`player_id`) REFERENCES `player` (`player_id`)
) ENGINE=InnoDB DEFAULT CHARSET=latin1;
/*!40101 SET character_set_client = @saved_cs_client */;

--
-- Dumping data for table `outfield_player`
--

LOCK TABLES `outfield_player` WRITE;
/*!40000 ALTER TABLE `outfield_player` DISABLE KEYS */;
INSERT INTO `outfield_player` VALUES (77,72,75,76,78,40,66,89,89,81,64,31,94,83,92,84,80,94,86,'CAM',1),(77,89,64,71,84,33,62,86,87,79,62,29,93,81,91,82,78,93,85,'RM',2),(82,69,78,79,80,68,76,67,76,59,48,22,90,90,96,80,90,88,74,'CM',3),(78,86,50,67,76,75,74,57,76,65,47,39,89,84,90,80,83,90,80,'LB',4),(75,75,71,72,77,72,78,70,69,71,57,24,90,83,89,70,72,81,83,'CDM',5),(75,51,65,79,66,70,65,74,86,76,78,41,89,84,91,77,84,85,85,'CDM',6),(78,73,75,77,83,39,65,73,89,79,77,59,83,79,85,84,85,88,76,'RM',7),(80,72,71,79,83,47,67,59,74,63,54,41,86,86,90,80,79,82,86,'CAM',8),(75,62,73,60,70,38,78,75,74,74,70,40,86,76,84,68,73,78,82,'ST',9),(80,55,53,48,59,84,79,79,75,93,84,20,86,83,90,76,80,88,91,'CB',10),(78,68,45,45,56,81,81,59,73,65,47,50,87,84,85,85,87,86,86,'CB',11),(77,77,75,71,82,39,72,82,79,81,80,39,87,78,87,62,68,80,77,'CF',12),(75,81,64,73,82,21,51,64,86,64,80,42,85,78,87,76,77,80,77,'LM',13),(76,77,73,66,82,27,69,81,89,85,89,54,87,83,85,78,84,85,81,'ST',14),(78,84,75,65,76,37,72,75,79,77,45,48,84,77,79,81,74,77,80,'ST',16),(79,76,71,77,82,77,72,76,76,78,65,22,87,81,86,75,73,78,82,'LB',17),(76,63,63,75,74,68,75,57,86,45,56,36,87,72,90,71,78,70,81,'CM',18),(82,71,83,63,72,47,81,69,82,77,62,21,80,75,83,66,90,82,66,'ST',19),(79,60,76,60,78,45,75,65,74,71,74,58,83,87,85,84,81,87,81,'ST',20),(76,82,68,72,82,42,64,86,82,87,83,47,86,72,82,61,46,70,70,'RM',21),(79,71,46,74,68,82,72,73,72,73,60,22,84,74,81,62,68,83,75,'RB',22),(75,55,55,69,69,72,84,74,75,62,69,35,87,74,82,82,70,78,64,'CDM',23),(75,82,79,75,75,38,65,78,85,91,90,40,89,74,82,63,59,69,76,'ST',24),(79,87,67,70,79,72,70,60,78,64,76,38,84,83,86,90,72,79,73,'LWB',25),(75,69,66,74,76,63,77,60,76,74,77,28,85,79,87,74,75,70,70,'CM',26),(79,91,68,71,82,58,77,48,69,61,52,36,83,88,91,82,81,73,80,'RM',27),(75,66,70,72,73,56,70,61,85,74,68,52,83,88,86,90,77,86,77,'CAM',28),(76,64,78,54,67,24,75,74,90,81,75,44,80,79,81,78,76,80,71,'ST',30),(75,67,71,78,80,32,63,83,90,74,82,48,85,77,83,70,77,78,82,'CF',31),(79,54,83,77,71,52,75,64,74,64,64,43,78,75,79,76,70,83,81,'ST',34),(84,88,85,74,85,34,73,76,86,92,78,66,81,85,83,67,85,84,85,'ST',35),(79,70,58,69,70,77,83,70,79,75,67,34,77,64,80,79,68,78,76,'CDM',36),(77,75,70,79,80,27,53,56,75,59,61,31,79,74,80,78,73,67,73,'CAM',37),(76,61,34,60,56,76,77,52,73,74,75,28,75,71,84,77,73,76,70,'CB',38),(86,87,83,78,88,39,73,58,76,69,48,37,73,83,85,77,77,81,75,'LW',39),(77,81,47,63,64,78,84,58,76,62,49,36,81,78,84,78,58,77,57,'RB',40),(78,66,34,64,59,80,79,69,80,74,71,27,76,75,79,73,73,73,71,'CB',41),(79,44,27,52,45,82,82,59,76,60,55,43,78,81,86,75,78,77,77,'CB',42),(81,75,70,79,84,54,65,81,75,72,57,48,81,71,76,61,51,77,78,'CM',43),(79,78,73,75,81,63,76,66,79,54,66,35,85,73,85,66,70,74,69,'LM',45),(80,63,69,76,81,69,80,81,70,56,54,43,81,71,78,72,71,67,70,'CM',46),(77,85,78,72,73,52,83,58,74,56,58,29,82,78,79,79,50,74,61,'RM',47),(75,56,38,58,58,77,77,65,76,61,48,35,80,67,82,82,74,76,75,'CB',48),(80,89,80,75,82,35,67,61,73,76,56,45,80,84,84,84,80,86,79,'LM',49),(79,61,53,65,64,81,76,70,70,73,64,27,72,80,86,78,74,81,80,'CB',50),(75,89,72,70,80,32,62,79,84,75,77,22,82,69,79,69,62,75,70,'RM',52),(78,71,79,62,68,50,85,67,72,61,50,37,86,74,78,60,57,74,67,'ST',53),(76,83,77,64,86,48,59,72,80,57,55,44,81,79,82,75,77,69,74,'ST',54),(85,88,79,83,86,49,70,79,86,77,80,55,89,79,81,61,39,67,83,'CAM',55),(76,62,59,71,72,79,76,76,93,75,90,88,80,82,83,76,68,81,86,'RB',56),(79,73,40,48,57,83,80,73,75,71,67,31,83,71,79,69,67,76,82,'CB',57),(76,43,33,52,42,80,78,86,71,73,70,41,86,68,83,55,71,77,84,'CB',58),(77,85,74,58,80,24,63,76,75,57,59,26,87,72,77,62,52,69,80,'ST',60),(78,76,77,65,72,32,77,62,72,54,53,29,80,69,78,72,70,86,71,'ST',61),(76,77,75,56,72,35,77,68,73,62,63,19,84,67,77,54,68,83,68,'ST',62),(83,85,81,77,84,29,68,63,73,66,59,39,75,78,81,81,73,80,72,'ST',63),(75,77,48,68,66,75,75,61,82,66,68,68,82,82,86,70,64,73,72,'RB',64),(79,81,68,77,80,62,75,74,79,83,66,35,76,72,84,73,64,70,70,'RM',65),(80,73,61,72,62,82,78,56,69,56,67,50,77,76,84,76,68,73,75,'RB',66),(83,75,74,82,87,63,73,72,74,73,65,35,74,60,77,56,46,69,57,'RM',67),(90,92,86,82,92,32,64,87,78,94,70,38,85,65,76,45,58,80,77,'RM',68),(76,78,75,61,76,35,74,86,77,92,76,29,81,73,81,58,67,76,77,'ST',69),(77,61,36,56,57,78,79,50,75,64,34,26,81,76,85,72,49,70,63,'CB',70),(76,78,57,74,79,75,72,64,66,58,72,35,77,75,78,76,68,80,64,'LB',71),(86,77,79,80,81,83,83,75,76,70,68,26,86,63,81,53,59,68,71,'CM',73),(75,67,52,81,68,64,64,64,84,72,65,39,83,80,82,80,69,78,84,'CM',74),(80,68,43,55,62,81,82,68,73,76,53,23,69,77,81,81,65,75,67,'CB',75),(80,85,74,78,82,35,56,72,86,64,61,65,78,76,84,65,71,69,74,'LM',76),(76,78,47,72,76,74,62,76,65,77,59,23,84,63,79,65,46,76,67,'RB',78),(79,71,71,77,79,57,67,58,78,55,56,49,84,74,85,78,57,73,66,'CM',79),(81,67,58,63,64,82,84,57,79,56,41,45,78,69,85,61,65,79,55,'CB',80),(83,73,37,59,60,86,78,61,85,58,46,31,81,76,84,81,68,73,62,'CB',81),(82,80,56,74,74,84,76,71,71,66,66,38,85,76,80,70,69,77,77,'LB',82),(79,72,53,66,74,82,77,67,68,54,63,36,81,72,82,70,76,78,74,'RB',83),(78,58,55,70,66,76,80,41,86,61,44,55,77,80,85,74,57,80,60,'CDM',84),(77,68,80,64,70,40,71,80,74,83,86,66,77,77,82,75,71,79,67,'ST',85),(75,85,76,74,76,41,75,49,72,62,33,37,81,85,88,81,79,77,77,'LM',86),(79,80,48,72,75,79,78,53,68,62,73,58,82,81,83,81,82,81,72,'LB',87),(76,71,42,60,67,78,72,71,90,81,79,50,79,70,75,80,52,77,49,'CB',88),(76,76,51,64,66,80,76,73,84,71,41,33,81,83,83,70,67,74,72,'RB',89),(79,60,82,51,52,40,74,74,75,77,59,38,80,69,83,69,44,76,75,'ST',90),(75,71,53,71,71,74,77,68,92,67,77,82,77,68,80,81,64,66,59,'LB',91),(86,52,79,84,79,76,78,70,80,73,67,18,72,73,77,69,70,74,72,'CM',92),(75,84,75,64,76,26,75,72,76,69,78,60,82,86,90,83,64,77,73,'ST',93),(76,78,50,69,72,76,71,75,92,86,77,76,76,68,82,76,74,71,68,'LB',94),(80,66,76,84,75,66,73,59,72,60,60,55,82,85,86,87,78,82,80,'CM',96),(83,65,47,63,65,84,78,79,76,90,72,27,78,69,76,68,66,72,80,'CB',97),(76,77,47,60,73,76,79,62,78,55,60,25,77,71,80,71,68,76,70,'LB',99),(75,91,75,69,77,29,62,59,86,61,62,73,79,89,92,78,77,82,80,'RM',100),(77,65,60,67,71,76,77,54,72,57,54,36,77,73,87,71,71,75,74,'CDM',101),(76,81,56,73,76,76,77,65,76,63,66,53,82,81,83,73,73,77,72,'LB',102),(81,85,64,79,78,77,74,60,75,68,65,69,81,88,87,78,69,78,75,'LB',104),(76,84,69,70,81,52,66,68,66,65,46,32,76,65,76,71,73,65,74,'CAM',105),(78,71,44,64,54,79,76,74,88,65,69,86,77,78,84,82,83,78,80,'CB',106),(79,79,68,77,82,45,60,52,73,55,35,30,76,87,88,74,72,80,64,'RM',107),(79,81,60,76,82,78,67,50,75,69,66,41,74,71,83,73,53,77,69,'LB',108),(84,75,67,77,75,83,81,79,71,92,81,43,82,61,77,59,68,70,73,'CDM',111),(81,79,73,78,85,24,46,61,69,63,48,36,77,77,84,78,72,85,62,'CAM',112),(76,76,56,71,69,74,80,75,63,76,62,20,82,75,80,67,63,73,74,'LB',113),(76,77,51,66,71,76,72,85,74,75,58,44,78,65,77,68,48,64,72,'RB',114),(80,65,61,64,61,87,84,92,74,82,83,24,87,74,78,55,55,77,76,'RB',116),(76,83,59,70,73,73,76,76,85,71,41,44,80,69,75,70,29,74,71,'RB',117),(76,93,66,70,84,28,62,82,68,91,72,33,82,53,76,48,52,70,62,'RM',118),(81,57,67,77,74,76,75,74,84,80,74,81,78,77,80,79,72,83,75,'CM',119),(81,67,58,72,69,80,84,83,72,90,80,32,82,68,81,53,69,77,82,'CDM',120),(75,86,75,68,70,44,81,62,70,61,66,39,76,71,82,68,79,80,74,'ST',121),(79,72,74,80,80,26,63,55,78,59,58,68,85,92,92,79,70,74,71,'CAM',122),(75,74,68,74,80,45,63,60,67,74,76,31,77,75,81,77,76,69,69,'LM',123),(79,71,52,71,68,80,78,74,76,74,73,40,84,59,76,55,51,74,75,'RB',125),(77,67,58,70,70,73,87,60,68,64,48,53,84,84,90,76,74,62,65,'CDM',126),(82,86,79,75,84,25,65,71,84,83,59,43,77,78,81,77,78,74,76,'RW',127),(77,67,49,58,64,77,80,72,75,78,77,38,78,70,81,60,49,76,75,'CB',128),(81,81,40,71,79,81,82,52,76,57,40,22,78,62,86,75,75,65,70,'RB',129),(77,67,68,70,73,75,81,55,71,53,41,33,76,62,76,76,75,82,74,'CDM',130),(78,78,68,72,76,76,73,47,84,56,69,35,74,66,78,64,42,74,70,'RB',131),(75,79,69,67,79,37,71,68,69,67,70,35,80,57,79,70,51,73,74,'RM',133),(75,66,71,73,72,72,76,76,80,84,84,43,79,70,77,69,56,64,74,'CDM',134),(87,68,78,90,81,64,65,74,67,67,38,20,81,66,85,69,59,76,65,'CM',135),(77,82,56,54,69,78,79,57,68,56,51,41,83,93,91,85,77,79,77,'CB',136),(76,68,78,54,80,34,70,66,70,83,67,40,72,73,75,73,84,80,70,'ST',137),(78,78,72,82,76,56,66,57,74,57,49,13,74,72,82,75,78,74,74,'CM',138),(75,50,78,81,72,60,74,61,75,59,58,43,77,84,89,72,74,81,76,'CM',139),(77,58,78,60,68,25,82,86,79,78,70,51,78,60,70,62,36,64,75,'ST',140),(79,72,57,67,72,79,88,73,71,70,46,25,79,67,85,67,56,65,86,'CDM',141),(75,74,42,68,68,75,75,53,68,58,29,33,74,69,86,72,68,74,68,'LB',142),(75,76,62,59,67,77,87,64,70,66,59,31,72,76,75,76,74,78,63,'CDM',143),(79,76,26,55,61,83,76,59,74,74,65,32,71,72,79,84,66,71,67,'CB',144),(76,92,67,70,80,32,52,57,90,68,82,43,73,72,82,72,46,61,51,'LW',145),(82,77,81,65,75,33,85,61,69,59,67,65,81,84,88,64,77,82,75,'ST',146),(83,77,75,84,83,44,59,81,86,73,43,45,72,62,75,65,56,74,73,'CAM',147),(78,60,76,74,71,75,80,64,69,50,59,26,77,79,83,75,79,82,75,'CM',148),(75,60,42,66,57,77,73,63,75,52,55,51,80,74,80,81,58,70,59,'CB',149),(76,71,61,73,71,76,78,52,75,57,75,69,78,78,84,80,67,76,66,'RB',150),(79,67,45,70,73,78,77,60,71,74,54,44,77,83,81,83,79,83,76,'CDM',151),(79,74,66,77,73,78,77,73,80,72,52,39,79,68,77,62,36,67,68,'RB',152),(75,71,41,58,66,78,75,63,74,76,62,25,80,80,85,80,62,76,74,'CB',153),(77,65,56,56,59,79,76,53,79,63,67,64,80,87,87,81,84,85,78,'CB',154),(79,74,81,61,76,35,74,72,81,59,59,44,79,74,78,73,75,76,77,'ST',155),(79,89,78,70,80,44,61,80,88,68,78,63,75,73,81,80,57,75,71,'ST',156),(78,56,59,66,69,79,75,60,73,59,68,36,77,70,80,74,46,58,51,'CDM',158),(75,65,66,76,74,72,74,63,72,55,55,51,74,70,81,73,74,71,75,'CM',159),(78,59,73,83,80,56,68,77,85,76,79,53,84,77,79,59,38,64,79,'CAM',160),(80,77,63,70,74,79,74,72,66,71,37,17,79,59,80,41,54,62,71,'RB',161),(77,72,72,74,74,77,78,59,69,70,64,69,77,73,79,75,61,75,60,'CM',163),(84,82,74,81,87,33,56,63,75,73,68,42,76,75,79,68,62,74,69,'CAM',165),(75,54,75,73,72,71,80,58,74,69,40,25,73,73,80,72,64,68,68,'CM',166),(93,92,93,80,90,33,78,81,68,77,65,27,87,61,76,63,64,78,77,'LW',167),(80,62,55,74,75,75,78,72,94,59,79,77,73,76,82,76,50,66,67,'CDM',168),(76,82,68,69,70,71,82,74,82,86,74,73,71,76,84,65,55,72,67,'RB',169),(75,63,31,53,54,77,73,66,73,75,64,45,75,68,76,77,69,74,75,'CB',170),(84,86,70,76,83,78,69,75,66,72,51,30,83,65,75,66,59,78,80,'RB',171),(79,68,59,78,77,75,71,78,84,66,74,45,83,64,76,66,50,68,75,'CDM',172),(78,83,72,74,82,30,67,80,77,90,86,27,75,67,74,76,57,70,68,'LM',173),(80,65,53,68,65,81,81,60,81,82,76,31,69,59,81,76,49,71,65,'CB',174),(76,73,77,74,77,38,64,84,79,88,76,41,84,75,82,63,65,76,81,'CAM',175),(77,73,77,50,73,38,80,76,84,79,74,31,84,70,77,69,73,71,78,'ST',176),(75,89,63,64,76,70,75,65,81,68,69,68,70,79,81,75,73,71,71,'RB',177),(83,89,83,69,81,25,70,70,83,64,45,61,81,93,87,86,81,78,80,'ST',178),(77,78,74,77,77,68,72,61,79,43,52,39,84,88,88,83,81,72,71,'RM',179),(78,65,60,68,75,77,80,79,86,75,72,39,82,76,74,72,52,67,72,'CDM',181),(75,86,74,63,78,35,70,74,71,74,75,33,74,68,76,70,71,75,74,'ST',182),(77,82,59,70,75,75,74,68,91,58,77,75,78,84,84,78,79,82,70,'LB',183),(79,85,76,72,80,34,78,68,80,68,70,69,81,81,79,76,69,81,70,'ST',184),(81,56,53,67,64,83,75,63,78,69,74,41,80,68,78,74,50,74,48,'CB',185),(75,54,68,74,68,81,74,73,76,71,68,33,77,64,75,69,71,74,60,'CM',186),(76,59,68,78,71,74,74,78,77,83,78,55,72,70,66,68,64,73,70,'CM',187),(77,75,63,70,74,77,81,69,77,82,56,24,69,61,77,64,75,78,66,'RB',188),(76,74,55,60,58,76,76,81,70,84,70,31,78,75,76,58,44,71,79,'CB',189),(85,86,72,81,83,84,72,52,73,53,47,46,75,81,83,76,81,74,73,'LB',190),(83,73,64,73,73,82,77,82,79,81,83,65,85,81,85,78,68,75,76,'CB',191),(76,47,41,52,51,77,80,79,75,71,73,41,83,74,80,68,65,74,84,'CB',192),(88,73,74,89,89,32,58,61,79,63,27,20,80,66,80,65,59,72,65,'CAM',194),(78,77,53,71,76,76,74,80,84,79,79,42,77,63,75,70,37,67,78,'LB',196),(80,89,62,73,78,74,80,52,51,47,67,45,81,72,82,75,70,73,62,'RB',197),(79,56,40,60,63,80,79,61,75,66,59,47,77,76,80,77,61,70,80,'CB',198),(78,83,72,77,78,56,73,62,75,67,52,42,71,76,82,77,62,71,62,'LM',199),(78,76,64,77,81,44,57,58,66,57,53,40,80,71,80,77,69,75,64,'CAM',200),(77,75,55,76,75,77,76,64,64,62,47,33,79,54,77,51,61,68,81,'LB',201),(75,88,40,69,68,71,74,72,81,75,86,83,67,70,86,85,67,65,59,'RB',202),(78,91,69,67,87,24,59,53,87,51,44,45,75,85,85,84,86,77,67,'RM',203),(76,76,75,54,71,32,76,82,63,84,77,26,82,62,75,69,56,69,79,'ST',204),(76,65,62,68,71,75,79,62,93,69,75,67,84,81,82,74,70,78,76,'CDM',205),(86,82,83,63,79,40,88,69,79,75,42,45,76,71,79,74,61,68,71,'ST',208),(85,70,48,63,62,87,78,73,68,82,73,46,77,79,83,83,75,70,76,'CB',209),(77,76,75,72,79,31,64,61,76,70,51,38,78,71,80,70,62,66,60,'ST',210),(81,77,76,82,81,44,68,72,73,70,60,32,79,72,84,63,57,70,71,'CAM',211),(76,85,74,68,76,30,64,48,69,53,46,47,70,79,81,84,78,76,71,'ST',212),(75,75,47,68,71,75,73,74,69,90,62,63,87,81,81,72,77,83,85,'LB',213),(75,54,38,51,49,78,75,64,77,70,44,73,77,76,85,70,61,79,67,'CB',214),(75,54,37,60,53,78,61,59,69,67,60,40,75,66,75,74,65,78,72,'CB',215),(75,54,34,50,50,77,74,54,64,56,54,24,83,92,90,80,79,75,76,'CB',216),(81,90,75,78,86,50,63,60,74,74,68,78,76,85,85,74,73,73,76,'RM',217),(79,74,69,80,83,37,66,64,80,72,68,58,76,88,86,84,73,80,59,'LM',218),(89,90,82,84,92,32,64,63,82,73,83,84,68,75,81,77,71,81,61,'LM',219),(75,77,74,68,74,44,82,67,92,76,86,82,74,77,83,69,67,74,82,'ST',220),(75,77,68,73,76,65,70,61,94,63,79,76,72,79,80,86,92,80,71,'LM',221),(85,76,83,71,81,42,80,48,76,35,52,39,76,80,83,80,75,76,65,'ST',222),(78,86,76,71,82,32,63,77,73,84,47,28,77,66,75,61,56,70,67,'RM',223),(75,68,32,55,45,76,77,67,67,63,62,24,83,74,77,73,70,62,75,'CB',224),(75,73,60,63,69,76,85,54,63,68,74,61,78,79,79,82,83,84,75,'LB',225),(80,77,41,56,61,79,85,69,74,79,83,70,72,71,78,85,76,85,71,'CB',226),(75,61,64,74,68,73,80,63,60,72,52,28,77,71,76,69,40,69,55,'CB',227),(79,78,73,72,74,81,79,56,74,59,56,32,68,67,80,68,69,66,71,'LB',228),(79,56,40,56,46,82,74,69,79,56,85,83,63,67,85,80,74,77,70,'CB',229),(79,72,78,68,76,31,77,52,76,36,31,34,81,85,85,70,77,77,68,'ST',230),(75,75,64,74,75,72,79,75,68,71,66,18,75,55,85,51,53,74,61,'CDM',231),(76,85,75,65,76,50,71,50,78,67,64,23,73,61,83,74,51,60,66,'ST',232),(79,77,72,75,79,76,82,75,71,75,56,41,74,71,77,68,49,66,77,'CM',233),(75,81,72,72,77,41,58,69,79,70,71,74,74,75,77,77,85,73,64,'LM',234),(78,78,77,71,82,36,73,73,64,78,33,55,74,75,78,78,65,67,64,'ST',235),(76,83,55,66,73,73,71,62,82,66,83,61,80,85,84,73,72,73,65,'LB',236),(79,80,77,78,84,32,57,81,86,74,66,60,83,76,78,64,69,80,74,'RM',237),(77,67,37,50,47,79,77,72,61,67,52,50,69,71,85,62,75,76,74,'CB',238),(77,60,62,70,70,76,81,65,76,77,50,70,76,73,78,54,69,74,62,'CDM',239),(77,61,36,49,56,78,81,55,70,66,46,21,70,71,76,75,68,78,83,'CB',240),(78,63,71,73,68,78,80,72,72,64,62,54,76,75,77,76,63,62,61,'CDM',241),(80,67,70,83,82,65,69,75,79,84,83,47,78,70,73,69,41,69,73,'CAM',242),(80,82,73,74,82,33,73,72,86,69,74,80,75,76,76,91,82,75,90,'LW',243),(77,78,69,74,82,68,74,60,63,45,54,31,72,74,83,74,77,79,69,'CM',244),(75,73,72,75,71,68,74,71,75,76,71,36,77,68,71,52,49,69,62,'CM',245),(76,87,53,73,78,70,71,57,60,56,44,22,77,67,78,73,70,68,60,'LM',246),(75,66,37,62,63,78,71,51,71,64,62,48,77,74,82,79,77,78,66,'CDM',247),(79,82,72,73,85,31,53,68,93,74,76,80,80,66,81,79,53,56,56,'RW',248),(78,78,69,72,65,77,81,67,74,76,73,45,71,81,83,63,56,76,65,'CB',249),(75,63,66,76,73,74,76,80,87,77,81,75,74,71,77,79,30,58,66,'CM',250),(78,74,58,72,75,78,78,64,77,44,43,36,74,71,77,72,69,74,65,'RB',251),(76,78,74,70,76,28,69,64,59,67,58,39,76,78,78,74,77,78,65,'ST',252),(80,78,66,73,79,78,72,58,73,62,63,43,76,77,79,86,80,77,59,'LB',253),(79,66,53,64,62,79,76,47,79,34,50,33,74,76,82,83,46,74,56,'CB',255),(83,72,82,64,79,37,73,54,79,53,59,59,73,74,80,77,71,79,66,'ST',256),(75,70,68,77,77,48,63,49,75,57,62,39,75,81,77,75,73,75,73,'CAM',257),(75,77,67,73,83,33,50,59,75,56,69,72,71,68,79,77,58,72,37,'RM',258),(78,32,42,55,53,80,81,68,83,67,46,61,76,83,82,74,66,72,61,'CB',259),(78,55,28,51,50,80,76,60,69,60,53,35,77,81,85,87,77,77,75,'CB',260),(79,75,78,63,76,47,84,78,76,77,66,42,79,72,74,69,73,67,77,'ST',261),(75,78,44,41,40,77,74,83,76,82,62,40,76,52,73,50,45,68,69,'CB',262),(80,77,74,78,80,74,77,58,68,63,69,37,74,69,79,73,31,63,74,'CM',263),(79,67,61,68,68,81,82,77,69,80,80,35,78,65,76,67,62,79,59,'CDM',264),(77,68,49,68,67,81,77,78,63,90,81,29,80,58,74,31,58,65,73,'LB',265),(79,78,78,70,78,28,70,61,69,71,71,38,69,78,77,72,83,71,72,'ST',266),(77,89,72,73,79,39,72,60,69,59,57,32,76,79,82,74,75,78,73,'LM',267),(82,82,62,76,76,81,77,67,60,79,56,42,75,67,81,76,70,75,76,'LB',268),(75,82,69,71,78,41,65,71,75,66,70,30,78,69,75,70,61,66,81,'RM',269),(76,62,67,77,74,74,74,67,82,73,74,65,74,73,79,84,66,64,70,'CM',270),(75,64,45,61,54,74,83,68,75,68,79,78,77,69,82,81,69,85,59,'CB',271),(76,81,71,74,81,33,61,63,64,62,56,28,74,76,77,72,54,74,57,'RM',272),(75,85,72,68,80,26,55,76,80,72,75,78,74,75,80,81,53,67,62,'LM',273),(76,48,48,69,59,79,72,77,70,67,59,65,76,81,80,73,76,65,66,'CB',274),(75,70,57,71,69,75,77,36,70,40,47,19,76,78,83,70,72,66,69,'LB',278),(87,87,77,84,91,25,61,75,84,79,82,68,71,54,75,77,71,82,57,'LM',279),(76,76,71,77,75,74,73,74,87,77,85,56,78,65,72,51,64,74,75,'LB',280),(79,76,80,66,76,33,76,49,67,38,42,41,77,76,78,82,64,76,56,'ST',281),(80,67,72,80,75,72,72,52,68,53,55,44,75,81,79,77,95,89,74,'CM',283),(78,70,54,65,64,82,76,37,65,52,57,23,80,70,75,74,69,69,48,'CB',284),(75,81,66,72,82,26,52,82,78,86,76,42,82,68,72,64,36,70,62,'LM',286),(76,52,37,57,55,78,76,55,76,60,62,70,77,77,79,68,59,84,59,'CB',287),(87,94,83,83,84,63,80,83,86,80,77,44,84,75,71,68,49,73,79,'RM',288),(79,42,65,80,66,80,78,74,75,92,77,22,75,59,74,45,36,78,77,'CDM',289),(78,74,75,77,81,41,62,80,69,84,82,35,79,73,80,62,64,74,72,'CAM',292),(80,87,61,76,77,78,69,66,85,60,71,75,70,58,81,83,40,77,43,'LB',293),(77,73,55,70,71,78,76,89,75,92,83,49,75,65,74,65,42,80,73,'CB',295),(75,88,76,72,76,22,73,79,74,78,65,42,76,71,68,72,46,67,71,'ST',300),(77,77,65,71,75,75,75,82,74,81,59,33,86,51,85,49,48,66,64,'RB',301),(75,44,66,73,69,72,77,75,78,80,79,82,78,68,74,76,73,84,69,'CDM',302),(80,67,71,78,74,76,78,68,91,71,71,72,77,78,78,86,79,81,79,'CDM',303),(79,81,74,73,82,37,59,60,76,67,59,64,76,76,77,76,75,71,67,'LW',305),(79,66,71,84,77,64,69,60,89,64,82,75,71,72,79,69,48,73,65,'CM',306),(81,51,66,80,71,70,77,59,82,70,64,39,77,61,81,71,61,61,50,'CM',307),(77,55,77,60,67,33,83,53,66,45,49,35,74,70,76,67,44,66,73,'ST',308),(76,69,71,78,73,73,73,64,72,66,46,60,74,70,78,66,69,65,66,'CDM',309),(78,81,64,71,76,76,74,75,73,83,77,72,75,77,80,69,58,70,74,'RB',310),(82,71,57,72,62,82,87,46,67,66,55,46,77,83,82,74,78,76,66,'CDM',311),(76,70,67,70,73,75,80,48,70,57,56,32,70,74,81,76,77,73,87,'CM',313),(79,51,55,65,56,78,80,49,68,59,77,66,80,85,87,60,70,74,68,'CB',315),(75,53,31,53,55,76,76,74,70,72,49,42,77,69,74,64,66,74,76,'CB',316),(78,67,80,80,75,52,67,64,73,67,56,31,73,84,84,79,76,66,81,'CAM',317),(78,74,78,81,78,41,57,60,72,56,48,37,74,74,78,65,74,83,65,'CAM',318),(76,65,75,73,76,33,73,53,53,56,46,34,73,79,77,71,78,84,66,'CAM',319),(77,71,79,66,72,39,77,64,74,60,72,50,75,66,77,68,59,73,69,'ST',320),(78,73,78,70,75,41,79,62,82,73,73,62,74,70,78,75,77,68,63,'ST',321),(79,78,79,78,86,35,71,71,70,69,58,45,80,75,78,61,83,75,78,'RM',322),(76,66,52,70,65,78,79,79,76,78,80,86,80,86,83,79,78,81,83,'CDM',323),(76,65,53,61,55,78,78,45,75,56,57,37,71,73,81,78,55,57,62,'CB',324),(76,76,60,73,73,77,79,64,75,65,59,55,77,76,79,77,76,76,81,'LB',325),(77,74,71,78,81,62,67,69,77,47,71,28,65,70,80,68,62,73,63,'CM',326),(81,86,72,76,86,55,71,46,62,59,55,43,71,83,81,89,80,75,70,'RM',327),(77,81,74,71,79,28,73,79,74,85,61,28,75,61,76,47,38,72,78,'RM',328),(77,86,81,70,80,25,59,69,80,68,77,76,71,82,83,77,81,80,84,'LM',329),(78,57,54,68,67,81,74,70,74,76,69,33,81,76,79,69,52,72,73,'CB',330),(76,72,67,81,80,27,48,53,75,56,71,48,68,86,88,77,68,74,59,'LM',331),(80,57,51,72,54,81,73,52,74,54,58,49,75,80,80,75,63,58,64,'CB',332),(78,77,40,71,73,77,73,49,80,39,30,55,80,80,84,60,63,64,78,'RB',334),(78,81,78,71,84,29,60,54,66,64,61,65,70,78,80,76,83,82,84,'ST',335),(77,76,78,73,81,51,69,78,70,79,52,38,79,69,75,61,62,75,83,'LW',336),(81,53,68,74,69,81,83,71,93,73,78,72,74,80,78,81,71,71,64,'CDM',337),(77,77,74,77,80,41,56,71,67,88,60,60,84,79,79,70,75,80,82,'LW',338),(75,70,60,68,75,77,77,69,90,73,78,77,76,70,77,81,35,68,60,'CM',340),(82,75,71,82,85,63,72,52,75,49,62,42,70,74,77,75,74,63,69,'CM',341),(79,66,62,79,77,74,70,68,90,66,75,72,73,79,80,83,59,65,77,'CM',342),(88,75,72,87,90,59,63,45,74,66,52,33,78,75,81,70,72,68,62,'CM',343),(81,74,54,55,60,83,80,56,89,59,58,43,78,85,82,78,76,73,81,'CB',344),(84,75,75,80,87,32,63,60,84,57,59,48,73,73,78,72,56,68,60,'CAM',347),(81,72,62,77,69,80,76,80,80,76,80,79,70,72,78,66,73,71,70,'CDM',348),(76,86,69,68,80,38,65,54,76,62,56,28,68,79,82,77,60,80,56,'LM',349),(75,81,57,70,76,70,69,53,69,73,36,39,72,74,77,74,28,55,63,'RB',351),(84,68,82,86,82,56,67,58,71,57,77,51,66,66,80,74,72,66,77,'CM',352),(76,72,78,63,70,36,81,56,76,71,80,70,78,84,80,82,86,82,69,'ST',353),(75,68,59,69,72,72,74,71,83,70,74,78,75,77,83,83,52,69,59,'CDM',354),(77,62,53,69,73,75,74,61,74,52,73,75,67,74,77,75,81,78,66,'CDM',355),(76,70,72,74,75,74,77,61,71,76,64,44,68,64,79,77,62,68,52,'CM',356),(81,76,69,81,84,62,73,65,64,62,57,53,83,83,83,81,73,81,84,'CM',357),(84,81,82,67,79,44,85,61,66,67,70,74,82,82,82,70,61,74,62,'ST',358),(75,42,49,54,45,76,78,56,55,58,51,23,69,77,85,81,77,79,72,'CB',359),(76,65,60,72,75,72,75,72,84,78,68,65,72,75,79,70,62,71,64,'CDM',360),(80,72,67,76,76,78,81,54,68,68,77,70,76,86,84,79,77,75,60,'CDM',361),(80,68,76,83,77,69,76,52,68,59,74,49,79,83,85,77,70,70,74,'CM',362),(87,78,86,84,85,40,72,78,80,77,73,76,74,78,76,68,47,77,57,'CAM',363),(82,71,67,70,69,83,81,71,79,72,69,70,69,75,76,81,75,78,73,'CB',365),(77,40,46,55,45,79,81,56,73,61,70,36,77,76,79,76,78,81,84,'CB',366),(75,51,65,79,75,58,57,71,83,74,77,76,69,62,81,83,71,65,82,'CM',368),(75,78,75,75,78,36,68,71,72,72,68,54,75,82,81,74,77,73,76,'CAM',369),(77,78,51,69,72,76,72,85,67,91,73,33,85,44,81,63,43,67,59,'LB',370),(80,67,60,71,67,79,81,58,69,60,71,62,74,81,81,77,76,73,63,'CDM',371),(76,75,52,69,73,73,73,75,94,73,84,86,70,74,77,75,52,66,56,'RB',372),(84,52,61,71,65,84,79,71,79,65,82,80,70,69,79,78,60,66,54,'CB',373),(80,86,80,64,76,31,63,82,75,79,56,36,78,67,72,55,31,67,71,'ST',375),(83,68,59,70,69,85,80,64,80,62,69,76,72,70,76,83,49,59,52,'CB',376),(84,74,77,84,86,58,68,61,81,73,51,72,76,87,86,84,82,81,82,'CM',377),(77,83,77,69,77,32,69,78,88,77,78,67,61,68,73,75,73,70,63,'LM',378),(75,72,31,51,50,75,79,53,78,51,75,51,67,70,75,71,69,64,61,'CB',379),(77,89,71,71,81,29,64,81,70,83,78,21,74,50,69,60,58,69,72,'LW',380),(79,84,76,76,82,32,70,74,78,74,79,84,65,75,80,92,86,73,82,'LW',381),(77,53,61,70,65,78,80,69,85,65,75,69,71,77,79,71,75,75,66,'CDM',382),(83,76,64,66,55,84,82,68,88,64,83,68,64,54,74,70,35,65,47,'CB',383),(76,73,65,67,68,77,72,68,63,79,63,42,76,73,77,67,75,79,71,'CB',384),(82,50,50,76,71,79,81,74,68,76,57,19,78,59,75,58,71,72,61,'CDM',385),(79,77,85,61,79,25,66,68,69,60,69,69,72,80,81,72,70,76,69,'ST',386),(87,79,50,69,68,87,84,75,79,79,83,82,71,66,76,81,47,68,65,'CB',387),(78,87,74,73,84,24,55,63,67,70,71,70,76,85,82,82,78,74,73,'LM',388),(78,71,51,64,66,81,85,69,89,72,61,68,76,82,74,74,65,74,62,'LB',389),(81,89,70,76,83,28,50,64,79,68,63,70,75,71,77,74,67,76,57,'RM',390),(76,78,74,68,71,47,75,55,68,46,42,26,67,74,81,72,69,63,51,'ST',391),(83,71,76,83,82,71,71,81,65,91,60,25,85,70,79,44,40,65,70,'CAM',392),(79,76,72,82,82,38,61,67,69,64,70,46,84,74,80,75,61,69,60,'RM',393),(77,67,59,76,79,66,63,78,90,90,83,88,70,77,79,68,67,75,69,'CM',394),(76,70,36,58,60,77,75,69,79,75,82,58,71,76,75,73,73,81,71,'CB',399),(79,59,67,83,73,76,78,72,80,69,75,70,74,71,78,78,22,68,43,'CDM',400),(77,72,36,64,68,78,75,83,66,90,84,29,78,56,73,42,68,76,76,'CB',405),(85,34,47,57,52,87,81,76,54,77,67,30,77,49,76,67,56,66,69,'CB',406),(79,53,51,58,59,81,80,71,77,82,80,73,73,79,85,59,68,75,55,'CB',408),(77,77,59,71,76,77,74,69,87,71,76,76,64,64,76,80,39,69,46,'LB',409),(76,80,67,73,78,34,56,67,89,74,75,80,71,70,78,82,75,60,65,'RM',410),(78,52,56,65,52,78,76,45,86,47,62,67,75,78,80,63,64,62,64,'CB',412),(75,61,78,74,79,30,68,70,77,64,66,74,66,62,73,77,49,62,66,'ST',413),(78,67,69,83,80,57,61,67,80,70,72,69,74,69,79,80,56,68,61,'RM',414),(75,87,75,57,83,24,50,79,72,82,70,34,82,78,74,50,58,71,67,'ST',415),(75,80,68,72,77,61,75,86,86,92,88,73,80,79,76,69,46,72,64,'LM',416),(76,76,66,76,83,19,60,72,87,77,82,81,74,74,79,78,61,75,74,'LM',417),(76,74,77,54,73,31,77,59,79,57,74,77,74,70,83,82,51,62,53,'ST',418),(77,66,75,78,74,62,77,61,73,66,74,76,72,81,79,70,70,69,68,'CM',419),(75,81,42,63,67,77,73,61,67,60,56,63,80,83,85,81,76,77,59,'LB',420),(78,70,32,57,52,80,75,57,81,68,76,82,72,79,78,67,75,75,83,'CB',421),(77,82,76,74,78,57,68,57,68,57,63,35,57,77,78,79,79,76,73,'LM',422),(75,78,69,68,74,74,68,59,68,62,64,34,76,76,84,78,82,78,69,'LB',423),(76,77,76,71,77,30,73,55,68,61,62,45,76,72,84,76,62,73,70,'ST',424),(76,68,68,75,74,68,71,48,72,52,43,46,76,76,77,72,71,62,74,'CM',425),(79,74,70,81,75,70,79,80,70,89,83,19,83,56,75,43,48,69,80,'CM',426),(76,68,73,76,75,67,71,73,83,73,81,80,74,75,77,79,66,66,71,'CM',427),(84,92,69,74,81,80,76,67,91,78,79,79,69,75,77,68,64,73,60,'LB',428),(75,64,48,53,57,76,78,73,87,82,72,77,74,76,77,69,54,79,65,'CB',429),(78,66,51,80,76,66,75,58,80,71,65,70,68,75,77,73,73,74,77,'CDM',430),(77,81,41,50,60,76,83,53,73,56,71,65,74,77,80,74,62,75,72,'CB',431),(78,65,44,70,60,75,73,68,74,72,76,73,73,80,77,72,73,78,71,'CDM',432),(77,81,53,72,74,76,81,80,75,82,63,40,77,63,69,48,54,68,71,'LB',433),(81,56,35,52,62,84,79,54,72,55,54,23,78,65,74,77,75,61,56,'CB',434),(77,84,70,68,74,76,81,51,63,39,60,34,70,68,80,75,75,74,66,'LB',435),(78,69,45,48,48,82,80,65,79,64,52,70,77,78,82,72,70,79,60,'CB',436),(75,66,75,60,73,26,69,62,90,74,78,77,68,72,79,83,59,55,66,'ST',437),(77,79,78,67,79,37,68,69,63,69,70,59,66,85,83,82,85,82,73,'ST',438),(78,70,62,66,68,80,79,78,68,86,74,41,77,66,73,49,42,61,76,'CDM',439),(78,76,72,80,84,28,44,61,78,64,58,77,70,79,79,69,76,74,71,'CAM',440),(76,76,77,78,75,72,78,75,68,88,55,41,76,73,71,35,36,74,78,'LM',441),(84,71,75,84,87,27,55,85,76,86,72,75,61,70,66,65,66,67,82,'RM',442),(81,84,59,73,77,77,78,86,76,91,73,25,82,69,76,44,40,69,76,'RB',443),(76,72,53,67,67,76,83,68,84,77,68,75,71,76,76,62,69,75,75,'CDM',444),(80,77,78,79,84,34,62,57,80,78,64,71,69,83,79,73,61,70,57,'LM',445),(75,73,40,68,75,75,67,76,77,78,84,80,66,76,78,90,81,80,74,'RB',446),(75,72,76,59,67,28,79,67,80,67,77,75,69,70,76,79,81,72,67,'ST',447),(76,83,57,70,77,73,61,53,67,64,59,31,74,77,77,81,78,66,72,'RB',449),(75,73,77,76,80,28,54,40,55,56,31,21,68,76,81,70,65,67,60,'LM',450),(83,90,76,76,86,33,64,71,79,76,80,80,70,79,79,70,68,86,74,'RM',451),(86,83,84,75,81,22,74,75,89,71,80,76,67,64,75,80,61,68,66,'ST',452),(75,72,39,57,60,76,77,68,90,72,74,69,69,66,74,74,53,64,49,'CB',453),(86,77,83,86,84,40,75,75,75,76,83,71,74,82,84,61,68,75,57,'CAM',455),(79,80,79,75,78,35,68,61,84,66,59,80,68,73,77,67,49,66,54,'ST',456),(77,84,62,72,84,48,61,78,86,60,73,55,78,74,79,61,54,78,49,'RM',457),(79,70,78,66,68,35,81,59,69,60,59,51,72,82,80,65,55,75,61,'ST',458),(80,88,77,77,83,47,63,51,94,45,65,74,67,76,78,72,67,77,74,'LM',459),(75,71,57,67,66,75,81,53,67,55,47,48,74,81,84,71,72,68,63,'CDM',461),(80,81,80,77,81,39,82,80,59,84,64,29,75,64,77,59,41,61,77,'RM',462),(77,70,27,62,65,79,74,71,79,72,75,69,60,68,73,73,54,70,60,'CB',463),(78,76,77,77,80,69,81,70,59,77,88,60,77,84,76,82,76,81,83,'CM',464),(77,66,74,81,76,62,71,49,68,61,29,28,75,74,82,64,65,74,56,'CM',466),(80,81,57,72,77,80,72,55,79,61,67,72,77,77,79,72,83,78,76,'LB',467),(76,79,56,72,71,75,74,71,92,75,84,74,73,72,76,73,56,64,62,'RB',468),(82,66,84,64,71,32,72,70,76,83,76,69,62,74,77,71,61,70,60,'ST',470),(83,74,72,85,81,53,73,42,75,37,61,41,73,80,83,72,61,60,53,'CAM',471),(75,68,75,59,66,42,76,77,82,71,74,77,62,60,78,80,36,60,74,'ST',472),(78,68,61,61,55,79,80,81,71,85,76,32,79,77,75,67,84,74,96,'CB',473),(75,74,74,72,80,55,65,45,80,51,47,46,73,77,76,66,66,63,67,'LM',474),(77,73,50,58,55,77,80,77,81,79,79,79,66,76,76,59,38,79,56,'CB',476),(79,90,63,72,73,77,80,65,78,75,84,65,72,75,80,69,70,69,68,'RB',477),(79,65,45,52,50,78,84,79,84,92,90,79,64,64,72,63,57,64,65,'CB',478),(75,73,75,52,67,34,75,46,65,46,28,35,67,80,80,83,86,73,66,'ST',479),(76,73,69,74,78,39,66,64,67,57,48,22,80,81,81,81,48,64,63,'LM',480),(79,70,44,63,66,80,78,79,78,80,87,79,66,68,77,52,74,75,66,'CB',481),(81,68,64,76,73,82,81,57,80,56,89,83,71,84,85,72,64,58,64,'CM',482),(79,70,79,77,77,64,72,70,77,66,70,81,68,78,78,71,74,79,66,'CAM',483),(80,77,52,72,75,80,69,59,74,67,78,71,66,75,79,68,55,80,54,'CDM',484),(78,92,68,68,84,26,66,61,83,70,66,71,68,76,76,75,77,68,57,'RM',485),(83,78,40,62,65,84,75,49,68,57,43,28,77,80,84,66,56,63,48,'CB',486),(80,79,69,76,77,79,75,70,87,70,85,82,70,73,77,69,57,65,51,'LB',487),(77,68,58,69,68,77,80,64,84,59,58,93,69,83,87,84,59,65,71,'CDM',488),(83,75,75,81,77,82,74,56,67,57,59,60,66,81,83,62,77,71,69,'LB',489),(79,77,76,69,83,26,61,82,79,81,83,82,65,62,74,68,73,68,68,'ST',490),(76,53,71,68,70,76,77,72,70,73,80,73,74,76,76,73,72,66,57,'CDM',491),(77,67,53,77,78,69,67,62,85,68,85,70,63,68,75,77,27,53,58,'CM',492),(75,62,73,78,81,64,65,72,73,83,81,75,74,75,74,79,60,66,63,'LM',493),(75,83,66,73,80,53,64,63,78,67,74,65,76,72,76,79,50,56,53,'LM',494),(76,71,69,76,79,62,73,66,87,59,86,77,64,54,74,74,54,65,41,'CAM',495),(94,92,88,86,95,24,62,68,91,73,87,70,72,71,76,70,74,84,81,'RW',496),(80,60,77,60,69,28,76,68,83,72,84,68,60,63,81,77,51,64,58,'ST',497),(82,72,65,69,67,85,80,63,77,74,78,69,61,72,75,76,61,66,69,'CB',498),(81,90,80,68,74,34,71,74,94,76,78,87,69,78,76,69,47,71,52,'ST',499),(76,77,63,72,72,76,75,79,64,84,67,39,87,51,68,38,32,73,76,'RB',500),(78,58,49,60,56,77,82,67,81,79,72,81,70,79,77,56,64,59,61,'CB',501),(75,80,75,65,71,28,75,73,82,76,82,73,65,64,78,79,45,52,47,'ST',503),(82,93,73,75,87,44,62,81,71,77,84,80,54,68,79,68,76,71,75,'RW',504),(75,63,50,67,68,72,83,63,86,67,74,67,68,75,77,75,69,63,62,'CDM',505),(77,78,72,75,78,51,65,50,68,35,44,53,74,85,83,61,64,64,65,'RW',507),(75,72,59,65,65,79,79,72,79,77,88,82,66,69,74,67,71,81,79,'LB',508),(76,78,74,77,77,30,70,70,90,78,85,86,67,75,79,67,61,56,56,'CAM',509),(76,66,62,70,73,74,76,50,68,57,60,54,77,76,79,63,60,64,66,'CDM',510),(76,81,65,72,77,26,60,70,73,73,74,73,63,67,74,85,70,78,64,'RM',511),(79,79,79,72,85,36,64,68,77,69,72,79,65,69,76,76,52,65,63,'ST',512),(75,82,49,69,67,72,75,61,84,74,68,67,67,60,74,76,36,68,47,'LB',513),(75,67,71,75,77,27,56,55,63,47,61,54,73,76,78,80,76,68,73,'CF',514),(75,83,69,71,78,55,64,65,80,71,76,72,60,69,75,78,49,63,57,'CAM',515),(90,82,88,79,88,42,79,67,75,77,82,75,60,63,77,77,78,67,57,'ST',516),(75,73,53,73,76,76,63,54,79,51,76,79,73,66,77,80,64,67,71,'LB',517),(83,70,60,70,71,84,82,65,75,73,68,73,67,77,80,67,75,68,59,'CDM',518),(87,76,74,84,89,71,68,60,63,62,56,83,68,85,85,84,80,78,38,'CM',519),(81,79,66,72,74,82,80,73,81,76,76,78,73,82,78,88,85,79,71,'RB',521),(77,82,40,69,77,77,73,62,76,67,81,73,60,69,77,75,62,65,52,'LB',522),(75,68,52,75,71,72,71,67,78,72,76,78,71,62,75,78,70,44,42,'CDM',524),(81,66,33,60,56,81,84,70,83,75,82,79,64,57,73,78,54,59,50,'CB',525),(78,90,77,56,68,42,77,80,92,86,84,81,68,61,72,54,47,59,52,'ST',526),(79,69,69,79,76,67,66,59,78,67,69,79,78,81,81,74,68,70,50,'CM',527),(76,82,66,75,82,22,45,82,79,79,81,84,56,63,74,69,51,67,68,'CAM',529),(76,74,50,72,77,76,74,51,66,59,45,29,69,74,83,73,78,67,56,'CDM',531),(78,76,35,54,64,79,80,69,83,73,71,80,58,62,76,75,65,61,62,'CB',532),(80,72,46,62,67,84,69,67,70,71,74,23,82,75,79,59,50,71,76,'CB',533),(75,69,43,66,66,76,73,67,77,76,77,81,70,83,84,52,60,72,59,'CB',534),(75,86,76,70,75,45,66,54,82,58,75,68,71,72,74,68,64,71,69,'RM',536),(75,67,68,75,73,75,73,58,79,65,66,69,64,66,74,76,39,64,50,'LB',537),(77,78,51,69,68,78,78,70,81,73,83,77,69,68,75,70,56,66,61,'LB',538),(83,81,67,77,84,81,79,58,73,72,83,77,65,79,75,74,71,70,60,'LB',539),(77,66,28,41,49,80,75,65,78,68,69,65,76,72,78,82,71,50,65,'CB',540),(75,67,65,76,78,34,58,61,86,57,73,70,69,63,79,72,54,63,48,'CAM',541),(77,64,72,76,76,76,80,73,81,80,66,84,68,80,79,57,67,67,59,'CM',542),(86,90,84,85,86,39,64,69,84,71,77,68,67,58,70,77,69,64,58,'LM',543),(75,52,48,57,48,77,75,55,70,64,63,56,73,81,82,77,81,78,79,'CB',544),(75,75,71,74,74,62,77,65,76,75,78,83,80,81,81,58,69,76,67,'CM',545),(84,68,58,83,87,78,69,78,85,79,90,86,71,66,77,75,66,57,64,'CM',546),(75,71,49,63,56,76,79,71,86,72,76,81,64,68,77,78,58,60,66,'CB',547),(81,72,60,66,66,81,82,44,53,39,48,29,79,78,81,81,47,51,51,'CB',548),(77,83,62,74,76,73,73,81,82,76,79,83,58,56,73,64,63,64,61,'RB',549),(79,80,58,70,71,80,78,70,78,77,90,75,63,73,74,69,69,69,72,'RB',551),(84,72,73,81,89,32,62,42,64,50,39,35,72,80,80,71,67,69,77,'CAM',552),(76,55,65,76,72,71,75,77,89,84,84,76,69,60,68,68,50,70,31,'CM',553),(75,60,55,74,70,77,79,70,63,85,66,35,80,63,76,58,52,62,62,'CM',554),(78,77,72,77,80,50,76,76,85,83,87,82,66,70,81,64,42,63,57,'LM',555),(80,58,56,58,56,81,80,58,79,63,59,71,68,69,78,83,63,63,65,'CB',556),(78,59,72,74,72,75,89,66,67,61,71,78,74,81,84,80,79,76,86,'CM',557),(81,73,38,67,69,84,76,79,62,85,76,93,53,59,69,45,76,82,60,'CB',558),(76,88,77,73,80,33,75,55,78,71,76,77,68,76,77,62,56,72,58,'ST',559),(81,34,40,53,49,83,76,79,69,78,85,77,69,73,77,49,61,71,74,'CB',560),(77,79,75,73,74,41,78,71,77,76,75,75,69,73,76,80,78,66,55,'RM',561),(75,70,61,60,59,77,80,68,86,78,79,84,66,66,74,58,53,62,57,'CB',562),(76,83,62,68,73,74,77,69,79,71,73,72,56,55,77,80,23,47,42,'LB',563),(81,62,38,48,53,82,82,69,81,69,88,76,59,79,75,73,55,75,58,'CB',564),(81,53,41,54,50,86,77,50,84,46,67,70,72,63,76,73,79,65,78,'CB',565),(78,81,66,81,85,48,64,74,84,77,81,81,61,64,77,45,79,69,41,'CM',567),(81,68,51,65,57,84,79,79,74,83,74,71,56,43,71,52,28,42,31,'CB',568),(75,49,72,72,67,76,80,78,91,79,86,85,60,72,77,61,57,59,71,'CB',570),(80,75,65,73,74,80,78,59,76,59,72,76,69,78,80,68,69,65,60,'RB',571),(76,67,65,71,71,77,77,74,86,82,87,79,62,76,77,62,41,42,66,'CDM',572),(81,86,73,80,83,31,49,83,90,81,85,85,66,80,76,50,59,54,48,'CAM',573),(79,70,31,55,51,82,74,73,71,77,74,75,64,76,78,67,57,70,68,'CB',574),(86,64,58,74,70,88,77,71,85,71,66,75,59,70,70,79,71,66,39,'CB',575),(81,79,51,69,73,82,78,84,74,81,77,91,59,74,80,60,73,71,71,'RB',576),(77,62,59,67,66,79,75,67,81,75,83,81,41,72,73,62,49,67,68,'CB',577),(75,49,67,73,68,71,76,68,86,74,82,79,63,72,74,75,41,74,51,'CDM',578),(77,80,59,74,77,76,64,63,87,64,67,75,60,60,74,77,35,53,55,'RB',579),(76,77,78,70,83,38,65,69,85,71,80,83,67,72,76,59,43,75,54,'ST',580),(79,88,74,71,82,44,60,69,76,74,72,70,67,76,76,79,71,80,63,'LW',581),(81,75,80,78,82,40,73,57,89,75,81,74,60,76,78,77,80,78,83,'CF',582),(82,67,62,72,70,83,83,75,76,81,83,75,60,55,75,82,59,61,49,'CDM',583),(77,70,79,74,78,63,64,59,68,66,72,72,58,79,79,69,80,74,77,'CM',584),(78,75,62,76,84,35,52,67,92,73,87,78,63,68,69,65,55,58,50,'CAM',585),(79,73,68,79,79,79,74,61,79,73,81,75,71,71,79,66,69,61,69,'LB',586),(84,65,44,54,61,86,83,69,79,69,78,69,65,57,73,75,60,64,54,'CB',587),(75,66,61,78,78,69,73,62,81,67,68,84,58,79,78,73,70,67,62,'CDM',588),(81,90,78,73,85,29,75,78,79,80,79,83,63,65,73,52,53,66,50,'LW',589),(87,72,74,85,86,24,57,70,80,73,65,76,64,64,70,81,74,62,52,'CAM',590),(76,76,74,70,74,44,75,79,78,86,84,85,62,79,80,53,75,65,72,'ST',591),(78,70,48,59,63,80,77,54,79,53,63,74,67,78,79,68,50,60,52,'CB',592),(79,76,51,61,66,78,85,73,91,86,92,81,53,65,73,64,42,63,52,'CB',593),(80,54,68,80,72,75,68,66,82,73,77,74,65,70,77,61,51,73,64,'CM',594),(76,64,41,44,45,77,82,73,84,81,87,83,59,65,74,60,53,68,54,'CB',595),(78,68,68,80,77,54,67,59,76,64,87,78,69,69,78,75,67,49,46,'CM',596),(76,60,76,69,69,34,76,72,82,67,67,73,63,59,76,77,58,39,51,'ST',598),(78,82,78,58,79,27,71,78,80,70,79,67,70,64,75,75,73,54,49,'ST',599),(76,75,36,65,65,78,72,68,83,73,81,77,70,73,76,45,59,63,50,'RB',600),(77,75,42,72,75,77,80,65,88,70,69,80,58,61,83,82,38,71,49,'RB',601),(75,67,36,64,65,78,76,71,91,70,84,82,64,60,75,78,35,56,45,'RB',602),(81,43,73,82,78,73,65,71,80,77,78,83,65,67,64,77,49,57,49,'CM',603),(80,68,45,61,52,81,82,73,79,78,83,76,59,58,69,68,44,59,61,'CB',604),(78,66,66,74,70,73,78,71,77,79,84,70,55,68,75,57,80,76,67,'CM',605),(80,58,64,67,65,80,77,83,78,83,86,79,55,56,66,75,57,63,64,'CB',606),(77,58,51,61,55,79,76,85,67,79,77,76,41,63,69,63,66,71,66,'CB',607),(76,55,68,68,61,78,83,76,83,80,88,85,51,69,76,63,45,72,58,'CDM',608),(75,75,73,77,77,52,68,76,75,77,78,74,68,68,73,74,55,64,61,'CM',609),(78,79,73,78,81,42,66,61,79,74,88,84,64,73,78,60,41,59,52,'LM',610),(77,86,67,72,83,38,68,70,74,64,67,86,61,79,78,72,75,73,64,'LM',611),(77,86,71,72,82,51,61,72,89,73,78,79,55,63,79,83,32,53,45,'LM',612),(77,73,69,76,76,74,69,66,85,65,74,82,61,66,77,81,59,61,61,'CM',613),(82,64,63,76,74,80,82,84,67,86,71,91,56,79,77,64,53,51,68,'CDM',614),(78,62,59,74,67,79,70,79,81,76,75,79,66,68,75,74,47,62,59,'CDM',615),(80,77,72,75,82,69,82,70,87,74,89,92,51,68,82,63,50,59,64,'CM',616),(78,81,74,76,79,72,85,76,76,70,82,84,57,68,75,72,47,73,62,'CAM',617),(78,52,57,58,50,80,86,73,70,90,77,75,54,69,72,67,75,77,76,'CB',618),(75,73,50,64,74,76,75,66,87,77,87,85,59,69,74,61,62,64,60,'CDM',620),(80,85,71,73,84,44,53,66,77,69,77,75,61,68,77,74,52,43,56,'LW',621),(75,63,65,73,75,67,73,70,86,77,86,86,77,85,83,62,68,54,60,'CM',622),(75,81,66,72,79,40,72,80,69,90,81,85,48,42,65,79,70,77,60,'RM',623),(79,83,78,78,87,31,75,76,89,89,82,78,57,68,76,60,58,73,62,'ST',624),(78,77,76,68,77,36,82,74,77,75,78,80,57,73,70,62,60,54,63,'ST',625),(79,79,76,76,79,45,78,72,92,77,77,74,62,66,74,70,30,68,52,'LM',626),(77,90,57,63,72,74,73,67,73,73,75,78,59,66,72,74,55,71,42,'LB',627),(75,75,32,61,55,77,74,64,82,67,76,70,63,63,71,76,71,52,56,'CB',628),(80,77,53,72,75,81,72,74,83,76,82,75,41,70,74,48,55,71,73,'LB',629),(85,73,69,64,63,88,76,66,80,78,79,76,51,70,77,62,50,51,59,'CB',630),(76,91,74,67,81,38,66,61,90,66,81,76,64,78,77,71,69,63,88,'RM',631),(81,86,61,71,78,79,76,56,79,75,89,74,78,86,79,68,70,84,59,'RB',632),(81,70,81,68,75,39,83,60,68,57,75,75,66,70,76,73,59,53,51,'ST',633),(84,67,70,77,75,82,88,75,81,76,68,82,65,71,75,80,57,59,59,'CDM',634),(80,71,49,54,48,83,78,69,88,66,75,79,65,70,76,69,51,61,49,'CB',635),(88,90,80,72,92,30,58,70,86,80,79,78,72,33,74,79,31,67,43,'LW',636),(76,76,66,72,75,66,69,67,84,62,81,77,62,57,79,79,59,62,56,'CM',637),(75,62,73,62,69,36,73,69,85,80,83,82,58,57,82,79,47,36,45,'ST',638),(81,76,44,67,70,82,75,61,86,64,84,80,53,61,75,61,59,64,59,'CB',640),(84,75,56,56,54,86,82,68,83,68,76,74,53,64,77,81,45,54,44,'CB',641),(77,62,48,62,59,77,82,73,77,78,74,77,64,68,70,73,34,63,40,'CB',642),(79,66,60,67,63,80,77,50,70,71,79,80,64,85,82,78,87,77,70,'CB',643),(78,58,39,48,43,81,79,66,62,74,78,86,77,88,84,79,84,82,80,'CB',644),(77,71,40,55,51,81,71,61,54,55,63,59,70,82,80,70,74,71,69,'CB',645),(75,73,77,69,72,35,67,68,92,73,74,80,68,75,79,63,55,64,56,'ST',646),(82,78,79,79,83,39,66,85,78,85,90,85,61,57,66,72,48,62,58,'LW',647),(78,88,77,73,84,38,74,87,74,90,85,75,59,51,67,67,32,40,54,'ST',648),(81,54,68,84,81,69,61,66,83,69,61,69,60,63,74,73,48,43,54,'CM',649),(75,60,80,72,71,41,71,78,72,92,74,78,41,59,70,53,70,64,64,'ST',650),(75,74,55,66,71,76,68,65,90,73,79,79,58,57,74,75,53,58,46,'RB',652),(79,74,60,77,84,42,46,72,77,86,80,74,55,65,71,60,62,57,53,'CAM',653),(82,67,82,69,71,38,83,85,75,90,82,84,47,67,73,69,31,58,46,'ST',654),(81,75,39,62,66,84,74,52,75,58,77,73,55,82,81,65,58,48,59,'CB',655),(84,79,75,81,84,43,46,81,74,83,87,81,65,76,80,66,67,73,70,'CAM',656),(77,80,73,77,81,63,71,62,85,54,85,82,50,72,77,68,41,67,49,'CAM',657),(76,78,54,78,77,74,71,68,79,78,91,77,47,68,74,61,58,62,64,'LB',658),(75,23,48,46,38,77,78,69,79,65,81,76,58,52,77,79,37,51,59,'CB',659),(75,81,69,70,82,39,62,72,69,74,83,77,46,65,78,45,57,48,48,'LM',660),(77,78,73,73,78,53,71,81,77,81,72,85,57,75,73,57,23,53,47,'CM',661),(80,87,71,75,82,42,59,63,74,64,73,76,48,58,72,69,50,65,51,'LW',662),(82,73,56,70,75,85,83,78,71,90,86,81,53,53,72,64,39,66,51,'RB',663),(80,78,81,62,76,30,71,63,87,66,76,79,62,77,79,70,61,44,55,'ST',664),(76,81,49,72,73,74,75,70,80,71,73,77,62,51,76,79,52,54,52,'LB',665),(78,74,80,68,74,25,67,61,83,50,65,76,72,65,77,76,36,49,41,'ST',666),(78,72,48,54,52,78,81,71,79,76,76,74,61,59,73,81,70,55,63,'CB',667),(82,59,75,87,80,57,70,71,87,76,89,76,58,60,73,56,55,46,50,'CM',668),(75,80,45,71,73,75,67,72,79,80,81,77,76,67,75,77,54,33,51,'LB',669),(75,68,67,77,73,62,72,74,78,87,86,84,52,68,71,59,77,74,80,'CM',670),(75,78,73,76,76,61,62,72,83,74,81,73,54,52,70,79,70,60,46,'LM',671),(81,91,75,75,83,31,62,70,79,74,79,76,61,73,73,66,71,75,78,'RM',672),(77,75,51,70,72,78,73,70,76,68,66,82,61,75,76,61,70,61,51,'RB',673),(79,91,77,74,83,26,73,69,82,66,55,77,66,59,78,79,38,43,45,'LM',674),(75,86,58,66,73,72,75,75,75,81,82,74,61,62,63,53,63,71,64,'RB',675),(83,82,76,77,84,37,62,82,67,83,74,84,54,59,74,48,45,72,52,'LW',676),(75,85,71,72,79,26,55,72,92,79,83,79,60,64,73,63,50,60,59,'RM',677),(79,75,74,86,81,41,58,74,75,81,80,77,68,75,77,60,71,58,59,'RM',678),(84,73,50,58,59,86,83,67,75,77,64,71,64,61,76,76,58,42,53,'CB',679),(83,31,41,57,48,88,75,69,76,74,69,76,56,66,78,57,55,55,50,'CB',681),(76,53,76,69,69,32,70,66,81,75,81,79,62,68,73,71,76,67,65,'ST',682),(75,76,77,69,77,37,72,65,78,66,73,74,62,75,74,76,61,53,49,'RM',683),(76,75,40,66,73,75,70,83,80,92,88,87,42,73,79,59,62,70,78,'RB',684),(81,67,46,58,55,83,81,83,68,79,78,86,45,56,64,28,27,66,53,'CB',686),(80,66,56,65,61,82,80,44,83,69,86,81,65,84,81,70,70,71,64,'CB',687),(87,75,56,84,85,87,66,66,80,74,80,81,61,52,71,70,51,53,55,'CDM',688),(76,51,39,48,41,79,76,72,74,72,74,74,69,63,72,75,24,49,43,'CB',689),(82,95,81,75,79,36,71,66,79,77,84,84,59,76,73,53,58,72,51,'ST',690),(76,60,79,54,67,38,82,68,83,70,69,81,51,60,71,78,49,52,84,'ST',691),(75,70,76,78,80,50,64,76,69,81,68,81,57,66,73,52,52,56,66,'CM',692),(85,64,54,67,60,86,76,74,87,83,58,83,53,69,73,83,47,70,43,'CB',693),(77,65,69,78,76,74,70,58,78,52,88,79,66,63,76,81,58,42,65,'CDM',694),(75,69,77,77,76,36,66,68,84,78,77,76,68,31,73,74,29,63,40,'RM',695),(76,74,60,75,81,22,57,81,62,85,88,85,57,76,71,60,45,63,52,'RM',696),(77,80,56,69,78,76,77,80,68,77,88,81,43,56,63,54,78,69,69,'RB',698),(78,40,76,81,79,53,65,68,80,70,79,80,66,61,66,72,38,60,42,'CM',699),(81,74,77,79,85,41,67,86,78,82,85,86,49,45,60,52,39,56,44,'CF',700),(79,76,73,76,85,63,67,81,75,82,79,85,50,52,64,51,47,52,54,'CM',701),(77,66,48,63,62,79,77,84,74,86,88,78,51,57,59,50,35,49,51,'CB',702),(82,93,71,73,87,46,61,70,82,78,73,78,65,80,76,61,65,63,58,'LM',703),(80,88,69,76,81,78,73,74,74,77,74,80,51,61,65,67,46,57,51,'CDM',705),(75,72,44,59,64,75,78,79,66,85,85,78,46,57,62,41,73,66,57,'CB',706),(76,83,71,72,79,73,64,70,86,70,78,81,55,73,74,66,62,61,57,'LM',707),(82,79,45,60,63,84,76,66,91,68,75,73,34,66,71,72,50,58,66,'CB',708),(77,69,77,69,76,37,86,82,70,88,81,78,41,59,68,61,52,55,63,'ST',709),(81,67,76,82,78,66,80,77,73,69,77,79,67,71,74,78,49,49,35,'CAM',710),(76,74,58,74,68,76,73,63,76,66,59,76,45,65,74,71,59,52,62,'LB',711),(79,82,73,77,85,56,56,75,78,87,91,64,58,56,68,68,25,49,44,'CAM',712),(76,49,51,53,41,77,79,47,73,61,72,71,59,77,75,69,72,75,63,'CB',715),(78,72,72,80,83,28,56,79,77,79,86,83,31,46,67,24,32,74,32,'RM',717),(78,40,47,60,56,80,66,70,86,87,80,75,51,54,72,75,30,66,37,'CB',718),(83,75,67,82,78,84,76,70,78,74,70,62,65,61,71,78,53,43,48,'LB',719),(75,47,81,71,67,34,79,53,79,63,49,71,55,82,79,81,75,57,55,'ST',720),(75,47,35,50,44,78,73,73,82,78,83,80,49,69,70,63,54,68,64,'CB',721),(79,63,52,72,72,77,76,71,90,82,86,82,47,49,74,80,51,51,53,'CDM',722),(78,44,54,49,40,80,85,82,79,79,86,84,57,62,69,61,54,50,62,'CB',723),(87,80,85,74,84,38,80,73,79,77,80,82,58,74,73,80,78,71,72,'ST',724),(82,76,76,78,84,40,69,72,80,78,85,86,62,70,70,58,58,57,56,'CAM',725),(77,77,55,73,75,76,74,78,68,79,79,68,42,55,63,44,63,50,56,'RB',726),(75,78,51,66,70,72,79,75,83,70,76,82,42,69,76,34,55,67,66,'LB',727),(75,77,56,70,79,72,68,75,79,81,77,74,57,69,70,66,65,65,56,'RB',728),(76,65,41,52,51,80,72,77,70,75,79,82,54,67,76,60,28,46,50,'CB',729),(79,84,78,70,80,33,71,73,70,79,74,74,49,73,71,75,73,56,61,'ST',730),(76,78,71,76,80,40,64,61,87,49,80,81,49,59,78,80,43,37,45,'LM',731),(76,36,46,44,41,80,72,71,88,80,89,76,57,69,70,53,38,51,43,'CB',732),(76,39,44,57,56,79,73,69,77,69,78,80,46,64,79,84,38,39,23,'CB',733),(76,91,76,71,79,29,56,78,64,73,63,83,58,43,75,50,45,36,52,'RM',734),(75,68,59,70,70,77,73,77,90,88,88,79,44,55,72,65,59,60,45,'RB',735),(79,83,80,79,81,45,66,59,95,69,79,82,70,70,77,61,51,40,47,'RM',736),(75,53,52,70,64,76,72,77,91,77,87,86,49,66,71,52,40,62,52,'CDM',738),(80,82,80,66,73,33,82,73,79,74,85,78,49,60,72,71,62,62,33,'ST',740),(75,49,73,62,67,31,74,72,71,75,80,75,49,54,69,77,32,26,31,'ST',742),(79,78,72,75,81,56,74,79,75,79,70,83,51,71,71,54,22,48,42,'CAM',743),(79,83,79,64,83,22,62,75,64,76,83,76,48,39,64,62,30,39,44,'ST',745),(79,73,63,81,80,58,60,80,69,83,68,88,50,62,76,50,43,42,69,'CM',746),(76,66,57,70,65,72,79,77,90,81,86,77,55,73,74,67,45,67,57,'CDM',747),(76,70,50,62,58,76,77,78,79,78,85,80,42,59,69,64,35,59,55,'CB',748),(76,75,76,76,81,32,60,80,69,80,73,85,44,56,76,36,54,53,43,'CAM',749),(78,78,46,69,75,78,74,69,77,70,73,76,53,50,72,76,54,45,46,'LB',750),(75,68,67,75,72,68,67,86,73,78,84,86,48,52,73,55,51,43,50,'CM',751),(80,60,44,52,50,82,84,59,77,58,74,70,65,58,76,72,44,31,49,'CB',752),(78,91,73,70,81,35,64,76,70,77,82,79,51,51,64,39,45,58,57,'CF',753),(76,83,78,57,76,27,60,80,72,85,74,76,53,57,67,54,60,49,61,'ST',754),(77,64,44,65,67,80,80,80,76,79,80,85,50,64,70,55,45,53,57,'CDM',755),(77,77,76,67,84,27,66,76,74,79,78,79,43,60,66,40,32,59,38,'ST',756),(80,80,78,56,74,31,80,78,70,75,76,84,50,67,74,62,48,59,64,'ST',757),(83,81,76,83,86,38,58,82,69,81,79,85,51,57,70,58,52,31,56,'LM',759),(77,80,57,77,81,28,45,74,63,79,84,80,53,55,70,75,39,56,57,'LM',760),(78,69,65,79,80,21,58,79,75,83,94,85,40,58,57,46,47,56,57,'RM',761),(79,74,62,67,70,80,79,73,83,81,86,85,35,54,68,44,36,50,47,'CB',762),(85,73,78,85,87,56,64,75,91,87,87,83,47,60,65,54,53,66,50,'CAM',763),(75,70,38,62,68,78,75,53,78,66,72,69,54,49,74,76,39,37,52,'RB',764),(76,68,54,71,67,72,73,81,66,78,82,77,37,46,63,68,56,70,58,'CDM',765),(76,80,72,74,78,31,70,73,74,68,81,79,61,61,73,67,40,37,51,'LM',766),(78,52,37,54,50,81,78,78,73,78,91,70,44,45,69,51,33,54,44,'CB',767),(75,80,47,59,63,76,85,84,71,90,81,72,43,40,62,33,29,38,33,'LB',768),(81,80,68,72,78,81,78,72,88,79,82,88,68,79,79,68,56,72,56,'RB',769),(77,75,51,72,74,77,74,49,66,64,65,78,56,77,78,46,55,67,39,'RB',770),(76,66,27,46,43,80,75,79,63,82,74,81,41,62,72,61,60,54,57,'CB',771),(76,52,36,48,40,78,79,76,72,83,76,77,50,59,61,62,39,53,42,'CB',772),(79,76,62,72,74,79,78,78,74,74,80,84,46,51,76,72,32,35,31,'CDM',773),(77,71,68,77,78,68,66,77,70,81,75,69,33,61,67,51,32,55,54,'CM',774),(75,69,35,49,44,76,81,78,75,83,74,72,34,37,65,26,41,30,51,'CB',775),(77,75,65,75,75,78,72,82,73,79,79,78,42,63,69,49,23,59,33,'RB',776),(75,77,59,68,73,73,76,82,66,83,87,86,52,38,67,57,62,58,52,'LB',777),(75,75,48,64,71,76,82,84,77,86,90,75,39,47,66,59,48,41,46,'CDM',778),(80,85,66,73,77,78,81,77,75,79,81,71,49,47,64,73,58,59,52,'RB',779),(76,58,50,70,72,73,64,83,64,88,81,78,41,53,67,31,39,53,64,'CDM',780),(78,70,66,79,76,66,75,75,78,74,77,85,52,58,70,58,50,44,51,'CM',781),(87,89,87,77,89,23,68,79,76,82,78,76,42,44,57,28,38,53,55,'ST',783),(75,81,76,67,79,27,59,78,75,78,77,75,38,60,70,52,34,56,44,'ST',784),(86,53,59,77,74,83,80,80,67,85,79,83,39,56,73,54,46,38,46,'CDM',786),(87,79,60,71,66,87,81,80,65,78,73,83,35,58,71,49,33,36,48,'CB',787),(75,84,74,60,74,37,81,75,64,76,72,78,35,53,72,50,39,42,50,'ST',789),(82,80,67,75,87,34,49,72,79,75,88,71,40,46,55,66,47,54,56,'CAM',791),(78,76,77,66,78,43,73,84,75,87,84,78,39,47,66,45,27,24,41,'ST',792),(82,69,57,62,55,83,80,72,77,74,62,74,53,76,73,56,50,63,58,'CB',793),(75,59,50,57,59,76,73,76,76,82,84,82,41,61,71,59,58,49,43,'CB',794),(77,90,77,74,80,33,64,79,73,71,87,84,31,56,67,54,49,47,51,'RM',795),(77,68,79,73,74,58,76,70,73,77,75,77,33,49,73,50,44,40,48,'CAM',796),(75,72,46,56,65,79,83,77,62,82,82,81,50,55,64,60,60,57,51,'CDM',797),(78,79,66,75,80,74,77,84,73,86,83,83,28,53,69,32,23,40,45,'LB',799),(78,86,70,74,85,36,49,72,65,82,72,76,47,50,71,68,50,38,49,'CAM',800),(81,89,73,76,85,32,63,82,78,83,79,85,51,39,62,55,31,54,68,'RW',801),(83,75,53,57,60,86,83,81,76,84,85,76,51,60,55,52,50,31,49,'CB',802),(79,70,79,69,77,42,73,74,76,77,70,75,48,59,75,62,29,41,37,'ST',803),(77,83,71,73,77,42,66,78,72,94,88,78,46,54,59,52,61,57,54,'RM',805),(76,65,40,55,52,80,72,82,69,82,82,70,48,44,48,47,58,47,43,'CB',806),(80,66,82,70,67,44,81,83,67,85,82,76,39,48,61,59,52,40,48,'ST',807),(78,67,58,64,50,82,86,84,68,90,80,80,61,50,62,50,57,73,55,'CDM',808),(81,67,35,52,56,84,76,71,77,73,83,83,52,69,74,63,47,35,61,'CB',809),(80,86,75,71,84,31,60,77,71,77,80,80,33,53,69,51,42,42,52,'LW',810),(77,78,72,75,82,50,74,75,64,85,92,76,38,50,67,22,60,66,27,'CAM',812),(75,62,67,73,78,46,60,67,80,67,73,71,42,57,75,72,24,31,50,'CAM',813),(75,75,76,71,78,38,59,77,68,76,83,70,41,49,69,53,34,36,44,'RW',815),(77,73,32,56,61,79,78,59,81,66,83,82,57,75,74,53,56,63,47,'CB',816),(76,71,61,77,77,66,74,73,61,79,77,76,44,44,69,56,39,50,58,'CM',817),(76,69,75,60,71,31,73,77,69,82,76,64,41,45,65,43,35,31,41,'ST',818),(76,77,74,67,78,50,79,82,72,83,72,85,35,49,70,32,77,28,36,'CAM',819),(79,69,57,73,76,77,83,82,71,85,85,75,51,51,62,56,33,55,54,'CDM',820),(77,69,70,79,82,52,64,76,50,84,77,81,41,63,71,71,74,59,64,'LM',821),(76,53,34,52,48,78,76,76,73,79,82,71,30,59,65,31,36,65,28,'CB',822),(78,77,74,81,79,29,65,71,69,72,60,86,40,53,67,42,53,52,46,'RW',823),(80,65,55,65,63,84,82,79,63,87,82,80,27,34,65,34,61,73,60,'CDM',824),(76,60,56,77,63,77,75,78,73,80,88,78,36,34,67,57,23,41,49,'CB',826),(77,68,36,56,54,79,78,74,70,87,85,76,22,52,61,61,41,57,45,'CB',827),(75,70,73,79,79,52,61,83,69,89,70,80,30,28,55,51,36,46,39,'CAM',828),(75,85,73,66,81,40,54,68,78,76,75,80,44,56,74,70,58,47,36,'LM',829),(81,96,77,74,81,33,63,82,73,91,75,72,36,42,55,69,69,70,38,'RM',830),(76,77,52,70,75,76,71,77,55,87,74,78,44,46,64,46,39,28,48,'RB',831),(83,72,75,81,89,57,64,74,68,84,79,76,46,47,61,62,52,39,38,'CM',832),(81,44,66,77,72,77,82,80,64,90,81,80,24,22,56,28,55,58,48,'CDM',833),(88,74,57,73,73,90,79,77,61,78,76,78,45,51,60,72,62,31,61,'CB',834),(77,91,76,55,78,28,72,70,63,79,70,81,43,56,64,60,52,47,52,'ST',836),(86,77,84,80,79,46,72,88,63,90,92,67,35,44,56,55,54,59,46,'CF',838),(80,70,64,70,65,81,76,76,77,84,67,75,25,43,66,45,25,23,50,'CB',839),(78,77,74,77,82,33,63,82,79,88,85,82,31,50,54,33,24,28,48,'LM',840),(81,63,69,78,74,68,77,76,69,70,74,83,32,62,66,45,36,35,59,'CM',841),(75,76,57,66,72,74,73,78,71,80,88,79,24,27,53,47,44,48,38,'LB',842),(77,50,42,58,48,79,76,75,67,75,66,79,35,37,55,42,48,33,53,'CB',845),(75,71,50,56,63,76,74,77,76,79,85,76,48,57,62,71,37,39,50,'CB',847),(80,78,46,68,72,79,66,81,65,82,80,73,53,52,65,47,43,24,30,'RB',848),(81,63,59,67,63,83,79,84,64,78,77,64,40,33,42,33,21,38,53,'CB',849),(77,75,69,77,78,54,64,78,67,86,77,75,48,57,61,40,36,31,47,'CM',850),(78,67,62,74,76,67,76,76,65,77,70,77,37,39,62,30,39,35,37,'CM',852),(80,72,70,81,83,43,64,67,74,76,72,79,37,53,68,65,37,28,45,'CAM',853),(87,56,81,88,82,66,69,74,73,81,76,76,56,50,62,49,31,34,42,'CM',854),(75,59,34,47,46,78,77,78,75,80,79,82,26,40,69,57,32,15,37,'CB',855),(75,81,54,73,77,70,66,76,32,75,84,80,51,52,64,48,36,39,38,'LB',856),(80,66,41,65,68,84,76,77,69,83,84,85,40,55,64,36,32,29,43,'CB',857),(80,40,70,86,74,72,70,80,67,77,85,85,29,41,68,35,28,31,37,'CDM',858),(75,72,78,57,68,27,84,74,66,79,66,83,33,47,57,43,40,30,52,'ST',859),(75,68,40,58,64,75,76,76,70,81,87,70,21,56,67,59,18,34,52,'CB',860),(78,75,71,76,79,43,67,78,72,90,85,82,32,49,61,60,30,38,40,'CAM',861),(76,77,78,73,78,31,66,83,75,85,84,78,33,28,59,39,27,35,52,'ST',862),(76,67,64,72,71,74,80,77,64,78,69,81,32,51,52,36,28,29,48,'CDM',863),(75,63,75,62,72,30,69,74,65,79,74,78,30,59,68,52,28,25,35,'ST',864),(77,55,71,80,69,67,79,79,78,81,86,78,28,30,64,37,44,35,31,'CDM',865),(76,68,74,70,77,38,80,75,67,79,79,72,34,49,58,43,45,50,50,'ST',866),(78,92,71,69,82,37,78,77,75,77,76,82,22,49,64,52,22,11,52,'RW',867),(76,82,71,69,81,38,69,73,34,72,65,81,40,60,62,44,22,20,16,'LM',868),(76,80,68,72,81,39,64,72,55,68,91,83,36,43,55,41,39,30,33,'RM',869),(81,67,42,65,62,82,79,76,62,83,85,76,33,41,58,38,28,45,39,'CB',870),(76,67,63,78,73,69,67,82,65,93,79,79,33,24,52,30,55,44,25,'CDM',871),(77,66,66,67,72,78,89,78,74,73,78,81,28,45,68,52,25,25,44,'CDM',873),(80,80,74,76,86,64,66,81,58,90,79,75,34,48,57,53,47,55,58,'RM',874),(85,69,54,62,65,86,81,86,67,86,88,86,38,59,63,42,31,33,52,'CB',876),(77,67,60,64,67,77,83,79,65,78,75,78,30,46,66,46,32,22,47,'CB',877),(81,80,73,80,82,27,72,77,76,93,87,80,34,32,53,31,61,54,54,'LM',878),(76,69,71,76,78,67,63,70,64,79,87,78,47,50,57,39,58,36,44,'CM',879),(86,75,86,81,81,47,87,72,67,79,80,75,48,57,60,40,32,34,48,'ST',881),(76,81,66,70,81,36,64,78,76,84,79,73,26,44,52,40,37,33,50,'LM',882),(78,59,38,53,54,83,70,75,61,85,83,83,37,46,57,47,37,32,56,'CB',883),(77,86,46,72,78,74,72,76,63,85,74,78,45,50,61,42,34,40,41,'LB',884),(75,53,30,55,58,77,72,77,60,85,92,78,40,46,57,40,38,27,49,'CB',885),(75,65,68,74,77,45,50,78,74,82,73,80,36,55,66,30,29,32,30,'CAM',886),(81,72,83,59,74,39,85,79,53,78,91,82,27,40,50,52,50,22,46,'ST',887),(77,87,69,66,83,30,68,73,63,75,82,75,39,40,68,49,31,41,43,'RW',888),(82,89,74,78,85,50,63,76,59,77,82,77,40,50,63,44,50,48,45,'RM',889),(78,73,53,50,50,80,79,74,66,78,78,72,32,53,60,47,22,27,42,'CB',891),(78,82,78,77,83,34,64,75,64,94,81,80,43,50,53,45,28,41,43,'ST',892),(84,33,69,88,77,76,70,76,54,79,77,78,47,48,64,49,25,22,46,'CDM',893),(78,66,75,82,78,32,61,77,65,84,83,75,34,58,59,38,64,51,51,'RW',894),(76,53,59,76,67,70,77,80,65,76,86,70,40,49,61,35,48,29,47,'CDM',895),(80,87,77,77,85,57,74,76,67,92,81,79,32,47,66,44,37,26,33,'RM',896),(75,71,67,77,76,52,54,77,67,79,79,76,45,52,66,49,33,30,49,'RM',897),(78,76,60,73,73,74,78,79,65,79,77,78,33,28,55,22,18,24,34,'CDM',898),(76,88,68,66,83,30,79,79,62,83,79,76,38,49,48,30,23,19,42,'LW',900),(78,86,74,74,84,21,60,72,63,93,74,82,26,30,46,30,30,59,32,'LM',901),(85,76,83,81,79,70,86,75,63,78,77,72,44,33,63,40,29,36,41,'CM',902),(82,92,77,80,84,33,66,75,68,84,71,74,23,38,59,35,33,28,50,'LW',903),(75,76,74,71,77,50,70,75,69,79,81,78,20,38,60,48,53,24,46,'LM',904),(75,67,39,60,55,77,79,78,68,79,78,82,36,44,66,23,42,29,42,'CB',905),(79,67,76,82,78,72,73,76,59,78,75,77,41,34,48,30,37,29,51,'CDM',906),(79,67,44,58,56,79,81,73,64,88,69,88,43,58,65,38,45,25,42,'CB',907),(75,66,59,69,71,72,78,77,65,88,83,74,37,46,54,44,38,32,35,'CDM',908),(78,66,63,68,72,77,80,73,66,77,78,77,32,55,68,63,35,23,47,'CDM',910),(75,77,65,73,78,36,58,79,63,82,73,67,25,38,46,32,22,24,38,'CAM',911),(75,57,47,63,62,79,69,75,68,75,71,83,30,45,50,42,29,41,29,'CB',912),(89,73,90,81,85,31,86,70,63,90,80,78,39,47,50,39,56,28,36,'ST',913),(79,77,73,83,80,70,74,80,65,92,83,87,41,50,57,39,24,25,26,'CM',914),(76,69,67,78,80,49,62,78,59,85,86,75,28,16,48,42,32,30,55,'CM',915);
/*!40000 ALTER TABLE `outfield_player` ENABLE KEYS */;
UNLOCK TABLES;

--
-- Table structure for table `player`
--

DROP TABLE IF EXISTS `player`;
/*!40101 SET @saved_cs_client     = @@character_set_client */;
/*!40101 SET character_set_client = utf8 */;
CREATE TABLE `player` (
  `player_id` int(11) NOT NULL,
  `player_age` int(11) NOT NULL,
  `player_fname` varchar(100) NOT NULL,
  `player_lname` varchar(100) NOT NULL,
  `country` varchar(100) NOT NULL,
  `height` float NOT NULL,
  `goals` int(11) NOT NULL,
  `club_id` int(11) NOT NULL,
  `team_id` int(11) NOT NULL,
  PRIMARY KEY (`player_id`),
  KEY `club_id` (`club_id`),
  KEY `team_id` (`team_id`),
  CONSTRAINT `player_ibfk_1` FOREIGN KEY (`club_id`) REFERENCES `club` (`club_id`),
  CONSTRAINT `player_ibfk_2` FOREIGN KEY (`team_id`) REFERENCES `national_team` (`team_id`)
) ENGINE=InnoDB DEFAULT CHARSET=latin1;
/*!40101 SET character_set_client = @saved_cs_client */;

--
-- Dumping data for table `player`
--

LOCK TABLES `player` WRITE;
/*!40000 ALTER TABLE `player` DISABLE KEYS */;
INSERT INTO `player` VALUES (0,25,'raghu','guru','India',180,0,3,22),(1,22,'Timo','','Germany',192,0,24,22),(2,24,'Kevin','Vogt','Germany',194,6,31,22),(3,26,'Pawel','Olkowski','Peru',184,10,24,39),(4,29,'Dominic','Maroh','Sweden',186,10,24,49),(5,22,'Leonardo','Bittencourt','Germany',171,14,24,22),(6,25,'Jonas','Hector','Germany',185,18,19,22),(7,26,'Marcel','Risse','Germany',183,19,24,22),(8,24,'Milos','Jojic','Slovakia',177,28,24,44),(9,32,'Matthias','Lehmann','Germany',179,45,19,22),(10,27,'Anthony','Modeste','France',187,81,41,21),(11,25,'Oliver','Baumann','Germany',187,0,31,22),(12,20,'Niklas','Süle','Germany',195,5,31,22),(13,26,'Ermin','Bicakcic','Bolivia',185,6,31,6),(14,29,'Pirmin','Schwegler','Sweden',178,11,31,49),(15,30,'Eugen','Polanski','Peru',183,14,31,39),(16,24,'Fabian','Schär','Sweden',186,18,30,49),(17,26,'Sebastian','Rudy','Germany',179,21,30,22),(18,25,'Jonathan','Schmid','France',179,36,72,21),(19,26,'Eduardo','Vargas','Chile',175,43,31,10),(20,23,'Kevin','Volland','Germany',179,53,23,22),(21,28,'Tarik','Elyounoussi','Nigeria',172,56,31,37),(22,28,'Adám','Szalai','Honduras',193,60,31,27),(23,34,'Kevin','Kurányi','Germany',190,171,54,22),(24,36,'Artur','Boruc','Paraguay',193,1,13,38),(25,24,'Christian','Atsu','Ghana',172,13,78,23),(26,38,'Sylvain','Distin','France',192,15,57,21),(27,28,'Max','Gradel','Ivory Coast',175,67,78,31),(28,29,'Tiago','Gomes','Portugal',177,24,6,40),(30,33,'Petr','Cech','Czech Republic',196,0,3,15),(31,24,'Francis','Coquelin','France',178,1,3,21),(32,25,'Gabriel','','Brazil',187,2,3,7),(34,24,'Jack','Wilshere','England',172,7,51,19),(35,30,'Nacho','Monreal','Spain',178,8,77,47),(36,22,'Alex','Oxlade-Chamberlain','England',175,16,17,19),(37,23,'Joel','Campbell','Costa Rica',178,17,58,13),(38,32,'Mathieu','Flamini','France',178,17,52,21),(39,30,'Mathieu','Debuchy','France',177,18,3,21),(40,30,'Laurent','Koscielny','France',186,23,3,21),(41,31,'Per','Mertesacker','Germany',198,25,30,22),(42,25,'Aaron','Ramsey','Wales',177,30,3,53),(43,25,'Danny','Welbeck','England',185,35,39,19),(44,35,'Tomás','Rosicky','Czech Republic',178,47,3,15),(45,27,'Mesut','Özil','Germany',183,48,3,22),(46,27,'Theo','Walcott','England',176,59,3,19),(47,31,'Santi','Cazorla','Spain',168,62,3,47),(48,34,'Mikel','Arteta','Spain',175,65,3,47),(49,27,'Alexis','Sánchez','Chile',169,90,25,10),(50,29,'Olivier','Giroud','France',192,132,3,21),(51,31,'Brad','Guzan','United States',193,0,4,51),(52,26,'Ciaran','Clark','Iraq',188,6,4,29),(53,23,'Jores','Okore','Denmark',183,7,4,16),(54,27,'Micah','Richards','England',180,7,4,19),(55,22,'Jordan','Amavi','France',176,7,4,21),(56,26,'Idrissa','Gueye','Senegal',174,7,4,43),(57,23,'Jordan','Veretout','Spain',176,14,4,47),(58,26,'Ashley','Westwood','England',170,17,4,19),(59,31,'Carlos','Sánchez','Colombia',182,35,60,11),(60,24,'Jordan','Ayew','Ghana',182,36,39,23),(61,33,'Joleon','Lescott','England',188,37,4,19),(62,28,'Balenziaga','','Spain',177,0,5,47),(63,35,'Iraizoz','','Spain',191,0,5,47),(64,27,'Bóveda','','Spain',180,5,5,47),(65,27,'Iturraspe','','Spain',187,5,5,47),(66,21,'Aymeric','Laporte','France',189,7,5,21),(67,29,'Elustondo','','Spain',184,13,5,47),(68,28,'Etxeita','','Spain',185,16,5,47),(69,26,'Mikel','San','Spain',186,21,60,47),(70,26,'De','Marcos','Spain',180,25,46,47),(71,23,'Muniaín','','Spain',169,25,5,47),(72,29,'Beñat','','Spain',175,34,5,47),(73,35,'Gurpegi','','Spain',181,38,5,47),(74,28,'Susaeta','','Spain',179,39,5,47),(75,31,'Mikel','Rico','Spain',178,40,5,47),(76,26,'Ibai','Gómez','Spain',177,42,5,47),(77,29,'Raúl','García','Spain',184,53,5,47),(78,35,'Aduriz','','Spain',182,187,5,47),(79,32,'Moyá','','Spain',189,0,6,47),(80,23,'Jan','Oblak','Sweden',186,0,68,49),(81,30,'Jesús','Gámez','Spain',182,2,6,47),(82,21,'José','María','Uruguay',185,2,6,52),(83,25,'Stefan','Savic','Morocco',186,7,6,35),(84,30,'Filipe','Luís','Brazil',182,11,6,7),(85,21,'Oliver','Torres','Spain',175,11,6,47),(86,29,'Siqueira','','Brazil',183,15,6,7),(87,21,'Angel','Correa','Argentina',174,16,6,2),(88,21,'Saúl','','Spain',181,18,6,47),(89,30,'Diego','Godín','Uruguay',185,21,6,52),(90,31,'Juanfran','','Spain',180,23,6,47),(91,24,'Koke','','Spain',178,25,6,47),(92,22,'Yannick','Ferreira','Belgium',180,27,17,5),(93,32,'Gabi','','Spain',180,29,6,47),(94,22,'Luciano','Vietto','Argentina',173,31,6,2),(95,34,'Tiago','','Portugal',183,53,2,40),(96,25,'Antoine','Griezmann','France',176,87,6,21),(97,29,'Jackson','Martínez','Colombia',185,167,6,11),(98,32,'Fernando','Torres','Spain',186,177,33,47),(99,23,'Marc-André','ter','Germany',187,0,8,22),(100,32,'Claudio','Bravo','Chile',184,1,8,10),(101,31,'Javier','Mascherano','Argentina',174,2,37,2),(102,25,'Marc','Bartra','Spain',183,6,8,47),(103,24,'Sergi','Roberto','Spain',178,7,41,47),(104,27,'Sergio','Busquets','Spain',189,7,72,47),(105,27,'Jordi','Alba','Spain',170,17,8,47),(106,29,'Piqué','','Spain',193,21,8,47),(107,31,'Adriano','','Brazil',173,22,8,7),(108,32,'Jérémy','Mathieu','France',189,22,63,21),(109,30,'Thomas','Vermaelen','Belgium',183,23,30,5),(110,23,'Rafinha','','Brazil',174,25,8,7),(111,32,'Dani','Alves','Brazil',172,27,8,7),(112,26,'Aleix','Vidal','Spain',176,36,8,47),(113,31,'Iniesta','','Spain',171,39,8,47),(114,29,'Arda','Turan','Tunisia',177,46,8,50),(115,28,'Ivan','Rakitic','Croatia',184,60,48,14),(116,24,'Neymar','','Brazil',174,106,8,7),(117,29,'Luis','Suárez','Uruguay',182,212,8,52),(118,28,'Lionel','Messi','Argentina',170,319,8,2),(119,24,'Bernd','Leno','Germany',190,0,37,22),(120,20,'Tin','Jedvaj','Croatia',184,3,37,14),(121,22,'Wendell','','Brazil',176,4,37,7),(122,24,'Kyriakos','Papadopoulos','Greece',184,6,37,24),(123,26,'Ömer','Toprak','Tunisia',187,8,37,50),(124,25,'Christoph','Kramer','Germany',191,9,37,22),(125,26,'Lars','Bender','Germany',184,19,37,22),(126,25,'Kevin','Kampl','Sweden',178,28,31,49),(127,25,'Admir','Mehmedi','Slovakia',183,38,37,44),(128,22,'Hakan','Çalhanoglu','Tunisia',178,39,37,50),(129,25,'Karim','Bellarabi','Germany',183,42,55,22),(130,26,'Charles','Aránguiz','Chile',171,48,37,10),(131,31,'Roberto','Hilbert','Germany',183,50,37,22),(132,27,'Javier','Hernández','Mexico',175,85,54,34),(133,32,'Stefan','Kießling','Germany',191,141,21,22),(134,30,'Manuel','Neuer','Germany',193,0,10,22),(135,27,'Sven','Ulreich','Germany',192,0,19,22),(136,35,'Tom','Starke','Germany',194,0,10,22),(137,27,'Jérôme','Boateng','Germany',192,4,10,22),(138,27,'Holger','Badstuber','Germany',190,8,10,22),(139,25,'Sebastian','Rode','Germany',179,8,73,22),(140,23,'Bernat','','Spain',170,8,10,47),(141,23,'David','Alaba','Austria',180,12,10,4),(142,24,'Thiago','','Spain',174,14,54,47),(143,28,'Medhi','Benatia','Mexico',190,15,10,34),(144,32,'Philipp','Lahm','Germany',170,16,10,22),(145,27,'Javi','Martinez','Spain',190,29,71,47),(146,34,'Xabi','Alonso','Spain',183,32,10,47),(147,25,'Douglas','Costa','Brazil',172,33,10,7),(148,23,'Mario','Götze','Germany',176,42,72,22),(149,28,'Arturo','Vidal','Chile',180,54,10,10),(150,32,'Franck','Ribéry','France',170,92,37,21),(151,26,'Thomas','Müller','Germany',186,106,10,22),(152,32,'Arjen','Robben','Netherlands',180,128,10,36),(153,27,'Robert','Lewandowski','Paraguay',185,184,10,38),(154,29,'Didier','Digard','France',183,7,11,21),(155,25,'Portillo','','Spain',169,10,11,47),(156,29,'Xavi','Torres','Spain',184,17,11,47),(157,32,'Heiko','Westermann','Germany',190,30,11,22),(158,32,'Juan','Manuel','Peru',180,35,11,39),(159,32,'Cejudo','','Spain',180,53,11,47),(160,34,'Joaquín','','Spain',179,62,11,47),(161,33,'Rafael','van','Netherlands',176,133,11,36),(163,31,'Steve','Mandanda','France',185,0,12,21),(164,21,'Benjamin','Mendy','France',185,2,12,21),(165,23,'Lucas','Silva','Brazil',182,3,39,7),(166,21,'Karim','Rekik','Netherlands',185,3,12,36),(167,31,'Lassana','Diarra','France',173,4,12,21),(168,26,'Nicolas','Nkoulou','Cameroon',180,5,54,8),(169,25,'Brice','Dja','Ivory Coast',170,5,12,31),(170,27,'Mauricio','Isla','Chile',177,8,12,10),(171,32,'Alaixys','Romao','Tunisia',180,13,12,50),(172,29,'Abou','Diaby','France',192,15,12,21),(173,30,'Rolando','','Portugal',190,19,12,40),(174,21,'Lucas','Ocampos','Argentina',187,20,54,2),(175,26,'Rémy','Cabella','France',172,33,12,21),(176,27,'Romain','Alessandrini','France',173,52,12,21),(177,22,'Michy','Batshuayi','Belgium',185,62,12,5),(178,35,'Roman','Weidenfeller','Germany',190,0,19,22),(179,25,'Roman','Bürki','Slovakia',187,0,19,44),(180,28,'Marcel','Schmelzer','Germany',180,2,78,22),(181,22,'Matthias','Ginter','Germany',190,3,24,22),(182,29,'Park','Joo','South Korea',176,4,19,46),(183,21,'Adnan','Januzaj','Belgium',180,5,19,5),(184,27,'Sokratis','','Germany',186,8,19,22),(185,26,'Sven','Bender','Germany',186,8,10,22),(186,23,'Erik','Durm','Germany',183,16,68,22),(187,25,'Ilkay','Gündogan','Germany',180,17,19,22),(188,27,'Neven','Subotic','Slovakia',191,22,19,44),(189,23,'Jonas','Hofmann','Germany',175,23,27,22),(190,27,'Mats','Hummels','Germany',191,25,19,22),(191,27,'Nuri','Sahin','Tunisia',180,27,19,50),(192,30,'Lukasz','Piszczek','Paraguay',184,31,67,38),(193,26,'Marco','Reus','Germany',180,92,59,22),(194,27,'Shinji','Kagawa','Japan',175,93,19,32),(195,26,'Pierre-Emerick','Aubameyang','Ghana',187,101,19,23),(196,27,'Henrikh','Mkhitaryan','Algeria',177,102,19,1),(197,30,'Adrián','Ramos','Colombia',185,105,72,11),(198,27,'Yann','Sommer','Slovakia',183,0,42,44),(199,24,'Julian','Korb','Germany',177,5,78,22),(200,25,'Tony','Jantschke','Germany',177,7,42,22),(201,23,'Granit','Xhaka','Egypt',185,8,42,18),(202,26,'Alvaro','Domínguez','Spain',189,8,42,47),(203,25,'Håvard','Nordtveit','Nigeria',188,10,42,37),(204,30,'Oscar','Wendt','Sweden',181,15,69,49),(205,35,'Martin','Stranzl','Austria',191,16,69,4),(206,28,'Fabian','Johnson','United States',183,16,14,51),(207,34,'Roel','Brouwers','Netherlands',192,23,42,36),(208,23,'Thorgan','Hazard','Belgium',174,26,42,5),(209,27,'Ibrahima','Traoré','Guatemala',172,31,42,25),(210,25,'André','Hahn','Germany',185,35,67,22),(211,25,'Patrick','Herrmann','Germany',179,37,77,22),(212,27,'Lars','Stindl','Germany',180,50,42,22),(213,23,'Josip','Drmic','Egypt',181,69,42,18),(214,31,'Raffael','','Brazil',174,144,42,7),(215,35,'Rémy','Vercoutre','France',185,0,50,21),(216,27,'Damien','Da','France',183,5,14,21),(217,26,'Sergio','','Spain',179,0,8,47),(218,22,'Jonny','','Spain',175,1,75,47),(219,24,'Hugo','Mallo','Spain',173,2,14,47),(220,26,'Fontàs','','Spain',186,3,14,47),(221,30,'Gustavo','Cabral','Argentina',182,11,14,2),(222,29,'Augusto','Fernández','Argentina',177,32,14,2),(223,26,'Daniel','Wass','Denmark',181,34,7,16),(224,30,'Pablo','Hernández','Chile',185,48,45,10),(225,30,'Fabián','Orellana','Chile',171,66,31,10),(226,28,'Iago','Aspas','Spain',176,70,14,47),(227,29,'Nolito','','Spain',175,120,14,47),(228,23,'Thibaut','Courtois','Belgium',199,0,16,5),(229,28,'Asmir','Begovic','Bolivia',200,1,16,6),(230,21,'Abdul','Rahman','Brazil',179,2,16,7),(231,28,'John','Obi','Nigeria',188,2,23,37),(232,26,'Azpilicueta','','Spain',178,4,16,47),(233,21,'Kurt','Zouma','France',190,5,16,21),(234,27,'Nemanja','Matic','Sudan',194,10,16,48),(235,27,'Papy','Mison','Senegal',193,11,16,43),(236,30,'Gary','Cahill','England',193,23,16,19),(237,24,'Oscar','','Brazil',179,33,16,7),(238,27,'Willian','','Brazil',175,33,16,7),(239,32,'Branislav','Ivanovic','Sudan',185,34,16,48),(240,29,'Ramires','','Brazil',180,35,16,7),(241,35,'John','Terry','England',187,40,30,19),(242,28,'Cesc','Fàbregas','Spain',175,70,16,47),(243,25,'Eden','Hazard','Belgium',173,73,16,5),(244,29,'Loïc','Rémy','France',185,84,63,21),(245,28,'Pedro','','Spain',167,91,57,47),(246,27,'Diego','Costa','Spain',188,113,16,47),(247,30,'Falcao','','Colombia',177,144,16,11),(248,36,'Julián','Speroni','Argentina',186,0,17,2),(249,26,'Alex','McCarthy','England',193,0,3,19),(250,26,'Joel','Ward','England',187,10,17,19),(251,25,'Pape','Souaré','Senegal',178,10,17,43),(252,23,'Wilfried','Zaha','England',180,19,45,19),(253,29,'Scott','Dann','England',191,25,17,19),(254,28,'James','McArthur','Slovakia',178,25,39,44),(255,26,'Yannick','Bolasie','Denmark',185,29,6,16),(256,31,'Mile','Jedinák','Australia',188,49,17,3),(257,30,'Yohan','Cabaye','France',175,54,35,21),(258,29,'Jason','Puncheon','England',173,57,17,19),(259,27,'Bakary','Sako','Mexico',184,59,17,34),(260,23,'Martin','Hinteregger','Austria',185,11,45,4),(261,30,'Jonatan','Soriano','Spain',178,209,18,47),(262,33,'Germán','Lux','Argentina',186,0,33,2),(263,28,'Fabricio','','Spain',182,0,51,47),(264,33,'Fernando','Navarro','Spain',176,3,6,47),(265,26,'Arribas','','Spain',182,8,33,47),(266,26,'Sidnei','','Brazil',186,9,33,7),(267,23,'Federico','Cartabia','Argentina',170,13,33,2),(268,30,'Luisinho','','Portugal',175,18,33,40),(269,33,'Mosquera','','Spain',184,30,33,47),(270,27,'Fayçal','Fajr','France',178,32,33,21),(271,34,'Cani','','Spain',180,43,33,47),(272,23,'Luis','Alberto','Spain',182,44,77,47),(273,27,'Celso','Borges','Costa Rica',184,64,33,13),(274,27,'Lucas','Pérez','Spain',180,88,12,47),(278,26,'Carlos','Zambrano','Peru',185,1,60,39),(279,27,'Bastian','Oczipka','Germany',185,2,21,22),(280,29,'Constant','Djakpa','Ivory Coast',177,3,21,31),(281,28,'Bamba','Anderson','Brazil',189,6,21,7),(282,27,'Stefan','Reinartz','Germany',189,12,43,22),(283,29,'David','Abraham','Argentina',188,15,21,2),(284,32,'Makoto','Hasebe','Japan',180,17,21,32),(286,24,'Haris','Seferovic','Slovakia',185,27,21,44),(287,28,'Stefan','Aigner','Germany',183,54,37,22),(288,23,'Luc','Castaignos','Netherlands',188,57,21,36),(289,33,'Alexander','Meier','Germany',196,120,21,22),(292,28,'José','Cañas','Spain',178,10,61,47),(293,20,'Marco','Asensio','Spain',178,11,54,47),(295,32,'Michaël','Ciani','France',192,16,59,21),(296,28,'Victor','Sánchez','Spain',174,26,73,47),(299,27,'Felipe','Caicedo','Ecuador',183,63,58,17),(300,23,'Muhamed','Besic','Bolivia',177,1,23,6),(301,21,'John','Stones','England',188,1,16,19),(302,37,'Tim','Howard','United States',191,1,51,51),(303,28,'Darron','Gibson','Iraq',180,7,23,29),(304,25,'Ramiro','Funes','Argentina',186,10,23,2),(305,27,'Séamus','Coleman','Iraq',177,16,23,29),(306,22,'Ross','Barkley','England',189,20,23,19),(307,25,'James','McCarthy','Iraq',180,23,23,29),(308,26,'Tom','Cleverley','England',175,24,23,19),(309,31,'Leighton','Baines','England',170,27,23,19),(310,33,'Phil','Jagielka','England',183,28,23,19),(311,22,'Deulofeu','','Spain',179,33,23,47),(312,28,'Aaron','Lennon','England',165,34,28,19),(313,34,'Steven','Pienaar','South Africa',170,41,51,45),(314,30,'Aiden','McGeady','Iraq',177,46,23,29),(315,34,'Leon','Osman','England',173,47,67,19),(316,35,'Gareth','Barry','England',183,50,55,19),(317,28,'Kevin','Mirallas','Belgium',182,70,59,5),(318,29,'Steven','Naismith','Slovakia',178,80,59,44),(319,22,'Romelu','Lukaku','Belgium',190,93,23,5),(320,32,'Arouna','Koné','Ivory Coast',182,111,23,31),(321,28,'Marwin','Hitz','Slovakia',192,1,7,44),(322,31,'Daniel','Baier','Germany',176,8,59,22),(323,25,'Daniel','Opare','Ghana',175,11,7,23),(324,30,'Ragnar','Klavan','Ethiopia',187,17,7,20),(325,32,'Paul','Verhaegh','Netherlands',178,26,7,36),(326,27,'Koo','Ja','South Korea',183,29,7,46),(327,32,'Piotr','Trochowski','Germany',169,32,7,22),(328,28,'Raúl','Bobadilla','Paraguay',181,84,7,38),(329,33,'Halil','Altintop','Tunisia',186,115,7,50),(330,24,'Pascal','Groß','Germany',181,20,32,22),(331,29,'Guaita','','Spain',190,0,25,47),(332,27,'Santiago','Vergini','Argentina',191,5,25,2),(333,27,'Damián','Suárez','Uruguay',172,5,25,52),(334,32,'Mehdi','Lacen','Algeria',175,7,25,1),(335,30,'Roberto','Lago','Spain',178,10,25,47),(336,21,'Bernard','Mensah','Ghana',178,14,25,23),(337,30,'Alexis','','Spain',183,14,3,47),(338,21,'Moi','Gómez','Spain',174,16,25,47),(340,31,'Lafita','','Spain',187,42,25,47),(341,29,'Pedro','León','Spain',183,43,25,47),(342,31,'Mickaël','Chrétien','Morocco',179,13,1,35),(343,29,'Andrés','Fernández','Spain',184,0,26,47),(344,26,'Rubén','Pérez','Spain',178,2,11,47),(345,21,'Dória','','Brazil',189,4,26,7),(346,29,'Miguel','Lopes','Portugal',182,14,26,40),(347,28,'Fran','Rico','Spain',178,23,26,47),(348,23,'Thievy','Bifouma','Congo',180,25,26,12),(349,29,'Youssef','El','Morocco',183,78,26,35),(350,34,'Piti','','Spain',179,104,26,47),(351,27,'Jonas','Lössl','Denmark',195,0,24,16),(352,29,'Christophe','Kerbrat','France',183,4,41,21),(353,26,'Younousse','Sankharé','France',184,18,27,21),(354,36,'Jaroslav','Drobny','Czech Republic',192,0,28,15),(355,31,'René','Adler','Germany',191,0,28,22),(356,26,'Dennis','Diekmeier','Germany',188,1,58,22),(357,29,'Johan','Djourou','Slovakia',191,2,28,44),(358,26,'Albin','Ekdal','Sweden',186,10,28,49),(359,35,'Emir','Spahic','Bolivia',186,20,28,6),(360,25,'Lewis','Holtby','Germany',176,28,28,22),(361,24,'Pierre-Michel','Lasogga','Germany',189,48,28,22),(362,29,'Aaron','Hunt','Germany',183,57,23,22),(363,36,'Ivica','Olic','Croatia',182,192,28,14),(364,27,'Ron-Robert','Zieler','Germany',188,0,29,22),(365,23,'André','Hoffmann','Germany',188,3,71,22),(366,25,'Oliver','Sorg','Germany',175,4,29,22),(367,25,'Salif','Sané','Senegal',196,13,29,43),(368,27,'Manuel','Schmiedebach','Germany',171,16,29,22),(369,26,'Edgar','Prib','Germany',180,17,29,22),(370,33,'Christian','Schulz','Germany',185,24,68,22),(371,26,'Hiroshi','Kiyotake','Japan',172,32,29,32),(372,32,'Leon','Andreasen','Denmark',188,34,29,16),(373,29,'Mevlüt','Erdinç','Tunisia',181,83,29,50),(374,27,'Thomas','Kraft','Germany',187,0,8,22),(375,27,'Fabian','Lustenberger','Sudan',180,4,42,48),(376,29,'Peter','Pekarík','Slovakia',176,5,30,44),(377,23,'John','Brooks','United States',193,6,16,51),(378,28,'Per','Ciljan','Nigeria',175,11,3,37),(379,28,'Sebastian','Langkamp','Germany',191,13,10,22),(380,25,'Vladimir','Darida','Czech Republic',171,29,30,15),(381,27,'Julian','Schieber','Germany',186,36,42,22),(382,26,'Valentin','Stocker','Sudan',179,58,30,48),(383,30,'Salomon','Kalou','Ivory Coast',184,126,30,31),(384,31,'Vedad','Ibisevic','Bolivia',188,137,30,6),(385,33,'Javi','Varas','Spain',182,0,10,47),(386,24,'Sergio','Araujo','Argentina',180,39,14,2),(387,26,'Jonathan','Viera','Spain',170,55,31,47),(388,29,'Kasper','Schmeichel','Denmark',185,0,35,16),(389,29,'Yohan','Benalouane','Tunisia',185,3,17,50),(390,25,'N\'Golo','Kanté','France',169,8,35,21),(391,31,'Robert','Huth','Germany',191,19,35,22),(392,31,'Gökhan','Inler','Sweden',183,21,35,49),(393,28,'Nathan','Dyer','England',167,28,35,19),(394,29,'Shinji','Okazaki','Japan',174,84,35,32),(395,31,'Rubén','','Spain',187,0,60,47),(399,35,'David','Navarro','Spain',188,13,3,47),(400,25,'Nabil','Ghilas','Algeria',183,30,68,1),(404,31,'Víctor','','Spain',180,91,46,47),(405,35,'Steeve','Elana','France',187,0,37,21),(406,32,'Franck','Béria','France',177,3,10,21),(407,32,'Rio','Mavuba','France',172,6,37,21),(408,23,'Djibril','Sidibé','France',182,7,37,21),(409,25,'Sébastien','Corchia','France',176,11,75,21),(410,36,'Florent','Balmont','France',168,12,37,21),(411,22,'Sofiane','Boufal','Morocco',170,16,71,35),(412,33,'Vincent','Enyeama','Nigeria',182,20,45,37),(413,32,'Renato','Civelli','Argentina',193,27,37,2),(414,33,'Marko','Basa','Mexico',190,46,37,34),(415,28,'Eric','Bauthéac','France',168,47,58,21),(416,28,'Simon','Mignolet','Belgium',193,1,39,5),(417,31,'José','Enrique','Spain',184,4,73,47),(418,29,'Lucas','Leiva','Brazil',179,5,12,7),(419,24,'Nathaniel','Clyne','England',175,5,39,19),(420,25,'Dejan','Lovren','Croatia',188,6,39,14),(421,25,'Mamadou','Sakho','France',187,8,39,21),(422,23,'Emre','Can','Germany',188,9,39,22),(423,26,'Joe','Allen','Wales',168,11,45,53),(424,32,'Kolo','Touré','Ivory Coast',178,12,39,31),(425,23,'Alberto','Moreno','Spain',171,13,39,47),(426,20,'Divock','Origi','Belgium',185,18,39,5),(427,25,'Jordan','Henderson','England',182,24,4,19),(428,32,'Martin','Skrtel','Slovakia',191,27,53,44),(429,23,'Coutinho','','Brazil',171,29,39,7),(430,31,'James','Milner','England',176,43,17,19),(431,24,'Danny','Ings','England',178,51,68,19),(432,24,'Roberto','Firmino','Brazil',181,54,39,7),(433,27,'Adam','Lallana','England',172,56,66,19),(434,25,'Daniel','Sturridge','England',188,65,78,19),(435,25,'Christian','Benteke','Belgium',190,92,13,5),(436,30,'Jimmy','Briand','France',183,90,40,21),(437,25,'Anthony','Lopes','Portugal',184,0,74,40),(438,22,'Samuel','Umtiti','France',181,3,72,21),(439,26,'Mapou','Yanga-M\'Biwa','France',184,5,41,21),(440,25,'Rafael','','Brazil',172,6,41,7),(441,31,'Henri','Bedimo','Cameroon',180,7,41,8),(442,27,'Maxime','Gonalons','France',187,7,41,21),(443,24,'Gueïda','Fofana','France',182,8,41,21),(444,21,'Corentin','Tolisso','France',181,12,41,21),(445,22,'Sergi','Darder','Spain',180,12,8,47),(446,32,'Jérémy','Morel','France',172,14,8,21),(447,32,'Milan','Bisevac','Slovakia',185,16,41,44),(448,24,'Jordan','Ferri','France',172,17,41,21),(449,25,'Clément','Grenier','France',186,20,9,21),(450,32,'Christophe','Jallet','France',178,23,27,21),(451,22,'Nabil','Fékir','France',173,31,41,21),(452,31,'Mathieu','Valbuena','France',167,44,3,21),(453,27,'Claudio','Beauvue','France',174,62,75,21),(454,24,'Alexandre','Lacazette','France',175,67,76,21),(455,22,'Loris','Karius','Germany',190,0,43,22),(456,28,'Julian','Baumgartlinger','Austria',183,4,43,4),(457,24,'Stefan','Bell','Germany',192,10,21,22),(458,29,'Niko','Bungert','Germany',188,14,43,22),(459,28,'Pablo','De','Argentina',165,19,43,2),(460,24,'Yunus','Malli','Germany',179,30,43,22),(461,27,'Fabian','Frei','Slovakia',183,39,43,44),(462,32,'Carlos','Idriss','Cameroon',186,0,44,8),(463,30,'Guillermo','Ochoa','Mexico',185,0,44,34),(464,33,'Marcos','Angeleri','Argentina',182,2,44,2),(465,30,'Miguel','Torres','Spain',184,2,44,47),(466,27,'Roberto','Rosales','Uruguay',174,8,44,52),(467,36,'Weligton','','Brazil',186,10,44,7),(468,33,'Arthur','Boka','Ivory Coast',166,11,44,31),(469,25,'Camacho','','Spain',182,14,44,47),(470,29,'Nordin','Amrabat','Morocco',178,48,44,35),(471,34,'Roque','Santa','Paraguay',191,102,44,38),(472,32,'Charles','','Brazil',177,147,44,7),(473,34,'Willy','Caballero','Argentina',186,0,45,2),(474,28,'Joe','Hart','England',196,0,39,19),(475,30,'Gaël','Clichy','France',176,2,45,21),(476,33,'Bacary','Sagna','France',176,7,45,21),(477,25,'Eliaquim','Mangala','France',187,8,45,21),(478,28,'Fernando','','Brazil',185,9,45,7),(479,26,'Fabian','Delph','England',174,11,45,19),(480,28,'Nicolás','Otamendi','Argentina',183,15,9,2),(481,31,'Pablo','Zabaleta','Argentina',178,18,14,2),(482,29,'Vincent','Kompany','Belgium',192,20,37,5),(483,30,'Aleksandar','Kolarov','Sudan',187,23,51,48),(484,35,'Martín','Demichelis','Argentina',184,24,42,2),(485,21,'Raheem','Sterling','England',170,24,45,19),(486,30,'Jesús','Navas','Spain',170,30,45,47),(487,24,'Kevin','De','Belgium',181,46,37,5),(488,28,'Samir','Nasri','France',175,46,45,21),(489,30,'Fernandinho','','Brazil',176,55,45,7),(490,30,'David','Silva','Spain',170,63,45,47),(491,32,'Yaya','Touré','Ivory Coast',189,72,45,31),(492,27,'Wilfried','Bony','Ivory Coast',182,101,17,31),(493,27,'Sergio','Agüero','Argentina',172,192,45,2),(494,29,'Sergio','Romero','Argentina',192,0,34,2),(495,20,'Luke','Shaw','England',185,0,46,19),(496,25,'De','Gea','Spain',193,0,60,47),(497,34,'Victor','Valdés','Spain',183,0,76,47),(498,24,'Phil','Jones','England',185,2,46,19),(499,26,'Matteo','Darmian','Italy',182,4,46,30),(500,26,'Daley','Blind','Netherlands',180,6,46,36),(501,26,'Chris','Smalling','England',192,7,46,19),(502,26,'Marcos','Rojo','Argentina',186,8,46,2),(503,20,'Anthony','Martial','France',181,19,46,21),(504,26,'Morgan','Schneiderlin','France',181,20,49,21),(505,26,'Ander','Herrera','Spain',182,24,46,47),(507,30,'Antonio','Valencia','Ecuador',181,31,72,17),(508,28,'Marouane','Fellaini','Belgium',194,41,46,5),(509,22,'Memphis','Depay','Netherlands',176,41,46,36),(510,31,'Bastian','Schweinsteiger','Germany',183,48,46,22),(511,30,'Ashley','Young','England',175,59,67,19),(512,27,'Juan','Mata','Spain',170,81,46,47),(513,30,'Wayne','Rooney','England',176,192,46,19),(514,24,'Benjamin','Lecomte','France',186,0,47,21),(515,22,'Raphaël','Guerreiro','Portugal',170,15,55,40),(516,31,'Yann','Jouffre','France',175,35,47,21),(517,27,'Benjamin','Moukandjo','Cameroon',180,64,47,8),(518,31,'Danijel','Subasic','Croatia',191,1,48,14),(519,32,'Jérémy','Toulalan','France',183,5,41,21),(520,28,'Elderson','Echiéjilé','Nigeria',184,6,48,37),(521,22,'Fabinho','','Brazil',188,8,48,7),(522,31,'Andrea','Raggi','Italy',187,10,48,30),(523,28,'Fábio','Coentrao','Portugal',179,18,48,40),(524,37,'Ricardo','Carvalho','Portugal',183,18,48,40),(525,21,'Bernardo','Silva','Portugal',173,21,48,40),(526,22,'Ivan','Cavaleiro','Portugal',175,25,62,40),(527,29,'Joao','Moutinho','Portugal',170,32,48,40),(529,23,'Stephan','El','Italy',178,36,48,30),(530,25,'Lacina','Traoré','Ivory Coast',203,67,48,31),(531,30,'Geoffrey','Jourdren','France',181,0,49,21),(532,21,'Morgan','Sanson','France',180,19,46,21),(533,38,'Hilton','','Brazil',180,23,49,7),(534,26,'Ryad','Boudebouz','Algeria',177,33,49,1),(535,28,'Rémy','Riou','France',189,0,14,21),(536,27,'Lucas','Deaux','France',188,8,33,21),(537,32,'Lorik','Cana','Algeria',186,15,50,1),(538,28,'Alejandro','Bedoya','United States',178,25,50,51),(539,31,'Oswaldo','Vizcarrondo','Wales',191,30,50,53),(540,26,'Kolbeinn','Sig_órsson','Ivory Coast',186,50,50,31),(541,28,'Tim','Krul','Netherlands',193,0,23,36),(542,29,'Cheick','Tioté','Ivory Coast',180,4,9,31),(543,21,'Chancel','Mbemba','Denmark',182,6,51,16),(544,26,'Jack','Colback','England',176,12,67,19),(545,30,'Steven','Taylor','England',186,13,73,19),(546,26,'Daryl','Janmaat','Netherlands',185,14,51,36),(547,29,'Sylvain','Marveaux','France',172,18,13,21),(548,34,'Fabricio','Coloccini','Argentina',184,22,33,2),(549,23,'Florian','Thauvin','France',179,24,51,21),(550,26,'Moussa','Sissoko','France',187,30,51,21),(551,27,'Siem','de','Netherlands',185,58,51,36),(552,21,'Aleksandar','Mitrovic','Slovakia',189,64,45,44),(553,25,'Georginio','Wijnaldum','Netherlands',175,73,51,36),(554,29,'Yoan','Gouffran','France',176,75,51,21),(555,30,'Papiss','Demba','Senegal',183,155,51,43),(556,23,'Alassane','Pléa','France',180,35,52,21),(557,25,'Valère','Germain','France',180,40,52,21),(558,29,'Hatem','Ben','France',178,42,52,21),(559,33,'Mathieu','Bodmer','France',190,42,41,21),(560,29,'John','Ruddy','England',193,0,66,19),(561,27,'Martin','Olsson','Sweden',178,2,39,49),(562,29,'Sébastien','Bassong','Cameroon',187,7,37,8),(563,29,'Youssouf','Mulumbu','Denmark',177,17,53,16),(564,33,'Wes','Hoolahan','Iraq',168,63,53,29),(565,29,'Cameron','Jerome','England',185,91,53,19),(566,35,'Nicolas','Douchez','France',186,0,12,21),(567,25,'Kevin','Trapp','Germany',189,0,24,22),(568,29,'Salvatore','Sirigu','Italy',192,0,54,30),(569,25,'Benjamin','Stambouli','France',180,3,54,21),(570,21,'Marquinhos','','Brazil',183,4,54,7),(571,23,'Marco','Verratti','Italy',165,4,19,30),(572,21,'Adrien','Rabiot','France',188,9,54,21),(573,23,'Serge','Aurier','Ivory Coast',176,10,54,31),(574,28,'David','Luiz','Brazil',189,14,54,7),(575,23,'Layvin','Kurzawa','France',182,14,54,21),(576,28,'Gregory','van','Netherlands',181,16,9,36),(577,34,'Maxwell','','Brazil',176,23,54,7),(578,28,'Blaise','Matuidi','France',175,25,54,21),(579,31,'Thiago','Silva','Brazil',183,26,10,7),(580,23,'Lucas','','Brazil',172,37,71,7),(581,33,'Thiago','Motta','Italy',187,41,54,30),(582,28,'Angel','Di','Argentina',180,47,54,2),(583,26,'Javier','Pastore','Argentina',187,47,8,2),(584,30,'Ezequiel','Lavezzi','Argentina',173,102,54,2),(585,29,'Edinson','Cavani','Uruguay',184,170,54,52),(586,34,'Zlatan','Ibrahimovic','Sweden',195,294,54,49),(587,33,'Dorado','','Spain',180,5,77,47),(588,24,'Lassane','Bangoura','Guatemala',175,7,77,25),(589,27,'Baena','','Spain',181,7,77,47),(590,30,'Tito','','Spain',174,7,77,47),(591,32,'Amaya','','Spain',192,10,77,47),(592,27,'Nacho','','Spain',174,10,55,47),(593,24,'Luis','Fariña','Argentina',177,11,33,2),(594,33,'Zé','Castro','Portugal',183,15,77,40),(595,34,'Razvan','Rat','Russia',178,15,77,41),(596,25,'Bebé','','Portugal',190,20,77,40),(597,29,'Patrick','Ebert','Germany',175,24,42,22),(598,33,'Manucho','','Algeria',187,75,77,1),(599,35,'Trashorras','','Spain',179,79,77,47),(600,29,'Keylor','Navas','Costa Rica',185,0,55,13),(601,29,'Kiko','Casilla','Spain',191,0,55,47),(602,22,'Raphaël','Varane','France',191,3,47,21),(603,33,'Arbeloa','','Spain',184,5,55,47),(604,26,'Nacho','Fernández','Spain',179,5,3,47),(605,24,'Carvajal','','Spain',173,6,55,47),(606,24,'Casemiro','','Brazil',184,11,55,7),(607,21,'Mateo','Kovacic','Croatia',181,12,72,14),(608,33,'Pepe','','Portugal',188,21,55,40),(609,24,'Lucas','Vázquez','Spain',173,21,55,47),(610,24,'Danilo','','Brazil',184,22,55,7),(611,27,'Marcelo','','Brazil',174,25,55,7),(612,25,'Denis','Cheryshev','Russia',178,27,55,41),(613,26,'Toni','Kroos','Germany',182,30,65,22),(614,23,'Isco','','Spain',176,44,55,47),(615,23,'Jesé','','Spain',178,44,55,47),(616,30,'Sergio','Ramos','Spain',183,46,55,47),(617,30,'Luka','Modric','Croatia',174,58,55,14),(618,24,'James','Rodríguez','Colombia',180,66,76,11),(619,26,'Gareth','Bale','Wales',183,90,75,53),(620,28,'Karim','Benzema','France',187,166,37,21),(621,31,'Cristiano','Ronaldo','Portugal',185,341,55,40),(622,23,'Gerónimo','Rulli','Argentina',189,0,60,2),(623,29,'Markel','Bergara','Spain',181,3,60,47),(624,29,'Carlos','Martínez','Spain',189,4,21,47),(625,30,'Mikel','Gonzalez','Spain',190,4,5,47),(626,23,'Rubén','Pardo','Spain',182,6,26,47),(627,30,'De','la','Spain',182,8,5,47),(628,21,'Bruma','','Portugal',173,10,60,40),(629,26,'Illarramendi','','Spain',179,10,60,47),(630,24,'Iñigo','Martínez','Spain',181,15,60,47),(631,33,'Ansotegi','','Spain',192,17,60,47),(632,25,'Canales','','Spain',179,19,60,47),(633,29,'Zurutuza','','France',186,21,60,21),(634,28,'Granero','','Spain',180,26,60,47),(635,28,'Gonzalo','Castro','Uruguay',176,30,60,52),(636,27,'Jonathas','','Brazil',190,59,60,7),(637,32,'Xabi','Prieto','Spain',186,64,60,47),(638,27,'Carlos','Vela','Mexico',177,71,4,34),(639,29,'Agirretxe','','Spain',187,105,60,47),(640,28,'Johny','Placide','Haiti',181,0,56,26),(641,37,'Kossi','Agassa','Tunisia',190,0,56,50),(642,24,'Aïssa','Mandi','Algeria',184,11,56,1),(643,28,'Benoît','Costil','France',188,0,57,21),(644,27,'Cheikh','M\'Bengue','Senegal',183,2,57,43),(645,29,'Ludovic','Baal','France',176,5,57,21),(646,29,'Romain','Danzé','France',184,8,57,21),(647,27,'Mexer','','Mexico',185,9,57,34),(648,29,'Gelson','Fernandes','Slovakia',179,10,57,44),(649,23,'Juan','Fernando','Colombia',169,15,57,11),(650,35,'Sylvain','Armand','France',182,20,51,21),(651,25,'Pedro','Henrique','Brazil',179,34,16,7),(652,23,'Paul-Georges','Ntep','France',180,38,57,21),(653,27,'Giovanni','Sio','Ivory Coast',180,63,57,31),(654,29,'Stéphane','Ruffier','France',188,0,75,21),(655,29,'Fabien','Lemoine','France',175,6,63,21),(656,31,'Jérémy','Clément','France',180,7,48,21),(657,32,'Benoît','Assou-Ekotto','Colombia',180,8,63,11),(658,25,'Florentin','Pogba','Greece',188,8,63,24),(659,30,'Moustapha','Sall','Senegal',191,8,63,43),(660,30,'Loïc','Perrin','France',181,22,16,21),(661,29,'Romain','Hamouma','France',177,58,63,21),(662,28,'Nolan','Roux','France',182,62,63,21),(663,34,'Cédric','Carrasso','France',187,0,61,21),(664,26,'Grégory','Sertic','France',183,5,54,21),(665,28,'Clément','Chantôme','France',180,8,41,21),(666,29,'Lamine','Sané','Senegal',192,8,9,43),(667,28,'Nicolas','Pallois','France',190,10,45,21),(668,27,'Floyd','Ayité','Tunisia',174,27,9,50),(669,34,'Jaroslav','Plasil','Czech Republic',182,29,9,15),(670,25,'Henri','Saivet','Senegal',175,29,9,43),(671,23,'Diego','Rolán','Uruguay',177,31,9,52),(672,25,'Wahbi','Khazri','Tunisia',182,46,9,50),(673,27,'Cheick','Diabaté','Morocco',194,60,51,35),(674,27,'Ralf','Fährmann','Germany',196,0,58,22),(675,26,'Júnior','Caiçara','Brazil',172,2,58,7),(676,23,'Matija','Nastasic','Slovakia',187,2,58,44),(677,22,'Sead','Kolasinac','Bolivia',183,3,58,6),(678,28,'Atsuto','Uchida','Japan',176,4,58,32),(679,28,'Benedikt','Höwedes','Germany',187,11,58,22),(681,22,'Johannes','Geis','Germany',181,12,58,22),(682,29,'Dennis','Aogo','Germany',184,13,28,22),(683,24,'Joel','Matip','Cameroon',195,18,3,8),(684,20,'Maximilian','Meyer','Germany',173,18,78,22),(685,26,'Marco','Höger','Germany',182,21,58,22),(686,28,'Roman','Neustädter','Germany',190,29,58,22),(687,29,'Kevin-Prince','Boateng','Ghana',186,29,58,23),(688,27,'Eric','Maxim','Cameroon',191,40,37,8),(689,28,'Sidney','Sam','Germany',174,46,58,22),(690,26,'Franco','Di','Argentina',193,47,58,2),(691,32,'Klaas-Jan','Huntelaar','Netherlands',186,226,58,36),(692,33,'Beto','','Portugal',182,0,59,40),(693,30,'Benoît','Trémoulinas','France',172,5,59,21),(694,29,'Marco','Andreolli','Italy',187,5,21,30),(695,27,'Daniel','Carriço','Portugal',180,5,14,40),(696,32,'Nicolás','Pareja','Argentina',181,9,59,2),(697,29,'Mariano','','Brazil',177,9,72,7),(698,24,'Gaël','Kakuta','France',173,12,59,21),(699,26,'Grzegorz','Krychowiak','Peru',186,14,59,39),(700,27,'Steven','N\'Zonzi','France',190,15,61,21),(701,30,'Adil','Rami','France',190,16,59,21),(702,27,'Éver','Banega','Argentina',174,19,59,2),(703,28,'Iborra','','Spain',195,26,59,47),(704,28,'Coke','','Spain',176,28,59,47),(705,32,'Michael','Krohn-Dehli','Denmark',170,33,46,16),(706,26,'Yevgen','Konoplyanka','Uruguay',176,39,59,52),(707,26,'Vitolo','','Spain',184,49,59,47),(708,32,'Reyes','','Spain',176,65,59,47),(709,26,'Ciro','Immobile','Italy',181,67,59,30),(710,28,'Kévin','Gameiro','France',178,125,68,21),(711,31,'Llorente','','Spain',195,128,59,47),(712,28,'Fraser','Forster','England',201,0,61,19),(713,33,'Maarten','Stekelenburg','Netherlands',197,0,61,36),(714,24,'Cédric','','Portugal',172,2,9,40),(715,26,'Ryan','Bertrand','England',179,3,61,19),(716,24,'Steven','Caulker','England',191,10,61,19),(717,24,'Jordy','Clasie','Netherlands',169,10,61,36),(718,24,'Victor','Wanyama','Zambia',188,15,25,54),(719,24,'Virgil','van','Netherlands',193,19,61,36),(720,32,'José','Fonte','Portugal',187,24,39,40),(721,31,'Steven','Davis','Nigeria',173,29,23,37),(722,25,'Gastón','Ramírez','Uruguay',183,33,61,52),(723,23,'Sadio','Mané','Senegal',175,48,61,43),(724,26,'Jay','Rodriguez','England',185,56,61,19),(725,29,'Shane','Long','Iran',180,80,61,28),(726,27,'Dusan','Tadic','Slovakia',181,82,61,44),(727,30,'Graziano','Pellè','Italy',194,106,61,30),(728,31,'Iván','Cuéllar','Spain',187,0,8,47),(729,29,'Lora','','Spain',168,8,62,47),(730,26,'Bernardo','','Colombia',192,11,62,11),(731,24,'Jony','','Spain',179,28,62,47),(732,39,'Shay','Given','Iraq',185,0,64,29),(733,24,'Marc','Muniesa','Spain',179,4,64,47),(734,27,'Philipp','Wollscheid','Germany',194,11,64,22),(735,31,'Glen','Johnson','England',182,16,64,19),(736,28,'Ryan','Shawcross','England',191,22,68,19),(737,32,'Glenn','Whelan','Iraq',180,22,64,29),(738,29,'Stephen','Ireland','Iraq',173,23,64,29),(739,30,'Geoff','Cameron','United States',191,25,64,51),(740,23,'Marco','van','Netherlands',186,27,64,36),(741,26,'Marko','Arnautovic','Austria',192,41,64,4),(742,30,'Ibrahim','Afellay','Netherlands',180,51,64,36),(743,24,'Xherdan','Shaqiri','Sweden',169,62,64,49),(744,30,'Charlie','Adam','Slovakia',185,70,64,44),(745,26,'Joselu','','Spain',192,81,64,47),(746,28,'Mame','Diouf','Senegal',185,86,64,43),(747,25,'Bojan','','Spain',170,86,64,47),(748,34,'Peter','Odemwingie','Nigeria',182,120,64,37),(749,35,'Peter','Crouch','England',201,155,64,19),(750,29,'Costel','Pantilimon','Russia',203,0,66,41),(751,25,'Yann','M\'Vila','France',182,3,66,21),(752,36,'Wes','Brown','England',185,4,66,19),(753,28,'Lee','Cattermole','England',178,6,66,19),(754,25,'Jack','Rodwell','England',188,9,66,19),(755,30,'Younès','Kaboul','France',191,13,66,21),(756,34,'John','O\'Shea','Iraq',190,14,53,29),(757,25,'Fabio','Borini','Italy',180,27,66,30),(758,28,'Adam','Johnson','England',175,48,39,19),(759,28,'Jeremain','Lens','Netherlands',178,68,66,36),(760,29,'Steven','Fletcher','Slovakia',186,95,23,44),(761,29,'Ola','Toivonen','Sweden',189,106,66,49),(762,33,'Jermain','Defoe','England',170,179,66,19),(763,30,'Lukasz','Fabianski','Paraguay',190,0,19,38),(764,24,'Jordi','Amat','Spain',185,1,67,47),(765,27,'Federico','Fernández','Argentina',190,6,68,2),(766,26,'Jack','Cork','England',185,9,3,19),(767,33,'Angel','Rangel','Spain',180,15,67,47),(768,33,'Leon','Britton','England',167,16,23,19),(769,31,'Ashley','Williams','Wales',181,17,46,53),(770,27,'Franck','Tabanou','France',178,19,67,21),(771,24,'Jonjo','Shelvey','England',184,25,67,19),(772,27,'Ki','Sung','South Korea',186,28,67,46),(773,31,'Wayne','Routledge','England',170,35,67,19),(774,26,'Jefferson','Montero','Ecuador',169,48,67,17),(775,26,'André','Ayew','Ghana',176,59,29,23),(776,26,'Gylfi','Sigurdsson','Iran',186,64,67,28),(777,28,'Éder','','Portugal',188,71,67,40),(778,30,'Michu','','Spain',185,78,67,47),(779,30,'Bafétimbi','Gomis','France',184,122,67,21),(780,21,'Nabil','Bentaleb','Algeria',187,0,48,1),(781,29,'Hugo','Lloris','France',188,0,68,21),(782,32,'Michel','Vorm','Netherlands',183,0,68,36),(783,22,'Ben','Davies','Wales',181,3,76,53),(784,25,'Kyle','Walker','England',178,5,68,19),(785,23,'Kevin','Wimmer','Austria',187,6,45,4),(786,25,'Danny','Rose','England',173,7,3,19),(787,25,'Kieran','Trippier','England',179,8,68,19),(788,27,'Toby','Alderweireld','Belgium',186,12,68,5),(789,24,'Ryan','Mason','England',175,13,64,19),(790,24,'Andros','Townsend','England',181,14,68,19),(791,29,'Federico','Fazio','Argentina',195,17,67,2),(792,24,'Erik','Lamela','Argentina',183,28,19,2),(793,28,'Jan','Vertonghen','Belgium',189,31,6,5),(794,23,'Heung','Min','South Korea',184,43,68,46),(795,28,'Moussa','Dembélé','Belgium',185,45,68,5),(796,24,'Christian','Eriksen','Denmark',177,48,39,16),(797,22,'Harry','Kane','England',188,60,68,19),(798,26,'Nacer','Chadli','Belgium',189,68,68,5),(799,32,'Emmanuel','Adebayor','Tunisia',191,135,68,50),(800,23,'Uros','Spajic','Slovakia',186,0,69,44),(801,26,'Jean-Armel','Kana-Biyik','Cameroon',183,6,69,8),(802,27,'Oscar','Trejo','Argentina',180,34,42,2),(803,24,'Martin','Braithwaite','Denmark',180,39,18,16),(804,25,'Wissam','Ben','France',170,81,69,21),(805,28,'Rincón','','Brazil',188,6,70,7),(806,23,'Mathew','Ryan','Austria',182,0,71,4),(807,30,'Diego','Alves','Brazil',188,0,71,7),(808,21,'Rúben','Vezo','Portugal',183,1,71,40),(809,27,'Lucas','Orbán','Argentina',184,2,50,2),(810,28,'Barragán','','Spain',186,3,71,47),(811,20,'Gayà','','Spain',171,3,71,47),(812,21,'Rodrigo','De','Argentina',178,7,71,2),(813,23,'Shkodran','Mustafi','Germany',184,7,71,22),(814,26,'Aymen','Abdennour','Tunisia',187,8,71,50),(815,26,'Aderlan','Santos','Brazil',193,14,71,7),(816,22,'André','Gomes','Portugal',188,16,78,40),(817,32,'Javi','Fuego','Spain',181,17,34,47),(818,26,'Sofiane','Feghouli','Algeria',177,26,37,1),(819,30,'Enzo','Pérez','Argentina',177,35,71,2),(820,25,'Rodrigo','','Spain',181,38,71,47),(821,26,'Parejo','','Spain',180,43,71,47),(822,27,'Pablo','Piatti','Argentina',163,47,71,2),(823,22,'Paco','Alcácer','Spain',176,71,71,47),(824,30,'Negredo','','Spain',186,171,71,47),(825,29,'Przemyslaw','Tyton','Peru',194,0,65,39),(826,27,'Emiliano','Insua','Argentina',180,1,65,2),(827,27,'Toni','Sunjic','Bolivia',192,3,55,6),(828,31,'Serey','Dié','Ivory Coast',179,8,65,31),(829,25,'Alexandru','Maxim','Russia',177,20,65,41),(830,23,'Filip','Kostic','Slovakia',184,24,65,44),(831,26,'Daniel','Didavi','Germany',180,34,65,22),(832,30,'Christian','Gentner','Germany',189,45,65,22),(833,24,'Daniel','Ginczek','Germany',190,69,65,22),(834,28,'Martin','Harnik','Austria',186,93,65,4),(835,32,'Diego','Benaglio','Slovakia',194,0,78,44),(836,25,'Sebastian','Jung','Germany',179,5,31,22),(837,25,'Josuha','Guilavogui','France',188,8,78,21),(838,23,'Robin','Knoche','Germany',190,8,78,22),(839,28,'Christian','Träsch','Germany',180,9,29,22),(840,27,'Timm','Klose','Slovakia',193,13,78,44),(841,23,'Ricardo','Rodriguez','Slovakia',181,15,78,44),(842,31,'Marcel','Schäfer','Germany',184,16,19,22),(843,21,'Maximilian','Arnold','Germany',184,16,58,22),(844,32,'Dante','','Brazil',188,17,78,7),(845,28,'Luiz','Gustavo','Brazil',187,17,78,7),(846,22,'Julian','Draxler','Germany',187,23,30,22),(847,30,'Vieirinha','','Portugal',172,40,78,40),(848,28,'Daniel','Caligiuri','Italy',182,43,39,30),(849,28,'Nicklas','Bendtner','Denmark',194,46,78,16),(850,23,'Naldo','','Brazil',198,49,78,7),(851,25,'André','Schürrle','Germany',184,55,42,22),(852,28,'Max','Kruse','Germany',180,69,13,22),(853,26,'Bas','Dost','Netherlands',196,103,78,36),(854,31,'Mariano','Barbosa','Argentina',190,0,59,2),(855,26,'Sergio','Asenjo','Spain',189,0,46,47),(856,29,'Bojan','Jokic','Sweden',176,1,72,49),(857,27,'Víctor','Ruíz','Spain',184,3,61,47),(858,25,'Jonathan','dos','Mexico',172,8,72,34),(859,25,'Mario','Gaspar','Spain',182,8,10,47),(860,28,'Tomás','Pina','Spain',185,8,72,47),(861,28,'Jaume','Costa','Spain',172,9,72,47),(862,25,'Mateo','Musacchio','Argentina',182,10,55,2),(863,22,'Denis','Suarez','Spain',181,12,72,47),(864,24,'Manu','Trigueros','Spain',178,18,72,47),(865,31,'Bruno','','Spain',184,20,72,47),(866,23,'Leo','Baptistao','Brazil',181,22,72,7),(867,21,'Samu','Castillejo','Spain',179,24,72,47),(868,32,'Antonio','Rukavina','Slovakia',177,33,46,44),(869,28,'Adrián','','Spain',183,36,76,47),(870,25,'Samuel','','Spain',179,46,41,47),(871,28,'Jonathan','Pereira','Spain',167,109,34,47),(872,30,'Soldado','','Spain',179,176,72,47),(873,35,'Gomes','','Brazil',191,0,73,7),(874,27,'Allan-Roméo','Nyom','Cameroon',189,2,73,8),(875,30,'Valon','Behrami','Sweden',185,11,73,49),(876,28,'Sebastian','Prödl','Austria',194,14,78,4),(877,27,'Etienne','Capoue','France',189,14,73,21),(878,25,'Víctor','Ibarbo','Colombia',188,21,72,11),(879,24,'Steven','Berghuis','Netherlands',182,25,66,36),(881,29,'Jurado','','Spain',176,49,73,47),(882,32,'Alessandro','Diamanti','Italy',180,89,73,30),(883,27,'Troy','Deeney','England',183,121,73,19),(884,23,'Jannik','Vestergaard','Denmark',199,11,74,16),(885,26,'Gálvez','','Spain',190,15,74,47),(886,29,'Theodor','Gebre','Czech Republic',181,17,74,15),(887,28,'Zlatko','Junuzovic','Austria',172,48,74,4),(888,29,'Fin','Bartels','Germany',176,55,74,22),(889,25,'Anthony','Ujah','Nigeria',179,72,24,37),(890,28,'Claudio','Yacob','Argentina',181,8,41,2),(891,28,'Sébastien','Pocognoli','Belgium',183,8,53,5),(892,28,'Jonny','Evans','Nigeria',189,8,14,37),(893,33,'Jonas','Olsson','Sweden',193,18,75,49),(894,32,'Darren','Fletcher','Slovakia',184,20,75,44),(895,29,'Craig','Gardner','England',176,31,75,19),(896,22,'Saido','Berahino','England',180,35,75,19),(897,36,'Gareth','McAuley','Nigeria',195,45,23,37),(898,31,'Stéphane','Sessègnon','Bolivia',168,48,63,6),(899,26,'Salomón','Rondón','Kuwait',189,90,75,33),(900,34,'Rickie','Lambert','England',188,214,75,19),(901,31,'Anders','Lindegaard','Denmark',193,0,76,16),(902,33,'Ben','Foster','England',193,0,68,19),(903,29,'Adrián','GK','Spain',188,0,19,47),(904,27,'Angelo','Ogbonna','Italy',191,1,76,30),(905,28,'Alexandre','Song','Cameroon',185,8,41,8),(906,27,'Winston','Reid','Peru',190,8,76,39),(907,32,'James','Collins','Wales',193,11,55,53),(908,26,'Cheikhou','Kouyaté','Senegal',193,15,76,43),(910,23,'Manuel','Lanzini','Argentina',170,29,76,2),(911,28,'Mark','Noble','England',180,35,76,19),(912,26,'Enner','Valencia','Ecuador',174,53,76,17),(913,27,'Andy','Carroll','England',191,56,76,19),(914,29,'Dimitri','Payet','France',175,66,76,21),(915,29,'Mauro','Zárate','Argentina',176,88,76,2),(916,2,'2','2','2',2,0,3,22);
/*!40000 ALTER TABLE `player` ENABLE KEYS */;
UNLOCK TABLES;

--
-- Table structure for table `stadium`
--

DROP TABLE IF EXISTS `stadium`;
/*!40101 SET @saved_cs_client     = @@character_set_client */;
/*!40101 SET character_set_client = utf8 */;
CREATE TABLE `stadium` (
  `stadium_id` int(11) NOT NULL,
  `stadium_name` varchar(100) NOT NULL,
  `home_capacity` int(11) NOT NULL,
  `away_capacity` int(11) NOT NULL,
  `city` varchar(100) NOT NULL,
  `country` varchar(100) NOT NULL,
  PRIMARY KEY (`stadium_id`)
) ENGINE=InnoDB DEFAULT CHARSET=latin1;
/*!40101 SET character_set_client = @saved_cs_client */;

--
-- Dumping data for table `stadium`
--

LOCK TABLES `stadium` WRITE;
/*!40000 ALTER TABLE `stadium` DISABLE KEYS */;
INSERT INTO `stadium` VALUES (1,'Emirates Stadium ',36216,24145,'London ','England'),(2,'Villa Park ',25671,17114,'Birmingham ','England'),(3,'Ewood Park ',18692,12462,'Blackburn ','England'),(4,'Reebok Stadium ',16860,11240,'Bolton ','England'),(5,'Stamford Bridge ',25469,16980,'London ','England'),(6,'Goodison Park ',24094,16063,'Liverpool ','England'),(7,'Craven Cottage ',15420,10280,'London ','England'),(8,'Anfield ',27165,18111,'Liverpool ','England'),(9,'Etihad Stadium',28443,18962,'Manchester ','England'),(10,'Old Trafford ',45486,30325,'Stretford ','England'),(11,'Sports Direct Arena',31445,20964,'Newcastle upon Tyne ','England'),(12,'Carrow Road ',16206,10804,'Norwich ','England'),(13,'Loftus Road ',11063,7376,'London ','England'),(14,'Britannia Stadium ',16644,11096,'Stoke-on-Trent ','England'),(15,'Stadium of Light ',29224,19483,'Sunderland ','England'),(16,'Liberty Stadium ',12312,8208,'Swansea ','England'),(17,'White Hart Lane ',21738,14492,'London ','England'),(18,'The Hawthorns ',16726,11151,'West Bromwich ','England'),(19,'DW Stadium ',15079,10054,'Wigan ','England'),(20,'Molineux Stadium ',16696,11132,'Wolverhampton ','England'),(21,'Oakwell ',13805,9204,'Barnsley ','England'),(22,'St Andrew\'s Stadium ',18047,12032,'Birmingham ','England'),(23,'Bloomfield Road ',9732,6488,'Blackpool ','England'),(24,'American Express Community Stadium ',13424,8950,'Brighton ','England'),(25,'Ashton Gate ',12898,8599,'Bristol ','England'),(26,'Turf Moor ',13527,9019,'Burnley ','England'),(27,'Cardiff City Stadium ',16096,10732,'Cardiff ','England'),(28,'Ricoh Arena ',19565,13044,'Coventry ','England'),(29,'Selhurst Park ',15785,10524,'London ','England'),(30,'Pride Park Stadium ',20158,13439,'Derby ','England'),(31,'Keepmoat Stadium ',9138,6093,'Doncaster ','England'),(32,'KC Stadium ',15242,10162,'Kingston upon Hull ','England'),(33,'Portman Road ',18186,12125,'Ipswich ','England'),(34,'Elland Road ',23676,15784,'Leeds ','England'),(35,'King Power Stadium ',19500,13000,'Leicester ','England'),(36,'Riverside Stadium ',20992,13996,'Middlesbrough ','England'),(37,'The Den ',12087,8059,'London ','England'),(38,'City Ground ',18345,12231,'Nottingham ','England'),(39,'London Road Stadium ',9276,6184,'Peterborough ','England'),(40,'Fratton Park ',12134,8090,'Portsmouth ','England'),(41,'Madejski Stadium ',14534,9690,'Reading ','England'),(42,'St Mary\'s Stadium ',19613,13076,'Southampton ','England'),(43,'Vicarage Road ',14100,9400,'Watford ','England'),(44,'Boleyn Ground ',21181,14122,'London ','England'),(45,'Almondvale Stadium ',6073,4049,'Livingston','Scotland'),(46,'Caledonian Stadium ',4750,3168,'Iverness','Scotland'),(47,'Celtic Park ',36499,24333,'Glasgow','Scotland'),(48,'Dens Park ',7251,4834,'Dundee','Scotland'),(49,'East End Park ',6828,4552,'Dunfermline','Scotland'),(50,'Easter Road ',12252,8169,'Edinburgh','Scotland'),(51,'Falkirk Stadium ',5520,3680,'Falkirk','Scotland'),(52,'Fir Park ',8245,5497,'Motherwell','Scotland'),(53,'Firhill Stadium ',6532,4355,'Glasgow','Scotland'),(54,'Ibrox Stadium ',30649,20433,'Glasgow','Scotland'),(55,'McDiarmid Park ',6403,4270,'Perth','Scotland'),(56,'New Douglas Park ',3646,2432,'Hamilton','Scotland'),(57,'Pittodrie Stadium ',13319,8880,'Aberdeen','Scotland'),(58,'Rugby Park ',10876,7252,'Kilmarnock','Scotland'),(59,'St. Mirren Park ',4809,3207,'Paisley','Scotland'),(60,'Tannadice Park ',8525,5684,'Dundee','Scotland'),(61,'Tynecastle Stadium ',10452,6968,'Edinburgh','Scotland'),(62,'Victoria Park ',3786,2524,'Dingvall','Scotland'),(63,'SGL arena ',18396,12264,'Augsburg ','Germany'),(64,'BayArena ',18126,12084,'Leverkusen ','Germany'),(65,'Allianz Arena ',42600,28400,'Munich ','Germany'),(66,'Signal Iduna Park ',48387,32258,'Dortmund ','Germany'),(67,'Borussia-Park ',32406,21604,'MAnchengladbach ','Germany'),(68,'Eintracht-Stadion ',13995,9330,'Braunschweig ','Germany'),(69,'Commerzbank-Arena ',30900,20600,'Frankfurt ','Germany'),(70,'MAGE SOLAR Stadion ',14400,9600,'Freiburg ','Germany'),(71,'Imtech Arena ',34200,22800,'Hamburg ','Germany'),(72,'HDI-Arena ',29400,19600,'Hanover ','Germany'),(73,'Olympiastadion ',44546,29698,'Berlin ','Germany'),(74,'Rhein-Neckar Arena ',18090,12060,'Sinsheim ','Germany'),(75,'Coface Arena ',20400,13600,'Mainz ','Germany'),(76,'Grundig-Stadion ',30000,20000,'Nuremberg ','Germany'),(77,'Veltins-Arena ',37003,24670,'Gelsenkirchen ','Germany'),(78,'Mercedes-Benz Arena ',36264,24177,'Stuttgart ','Germany'),(79,'Weserstadion ',25260,16840,'Bremen ','Germany'),(80,'Volkswagen Arena ',18000,12000,'Wolfsburg ','Germany'),(81,'Esprit Arena ',32760,21840,'DA¼sseldorf ','Germany'),(82,'Trolli Arena ',10800,7200,'FA¼rth ','Germany'),(83,'Fritz-Walter-Stadion ',29868,19912,'Kaiserslautern ','Germany'),(84,'RheinEnergieStadion ',30000,20000,'Cologne ','Germany'),(85,'Millerntor-Stadion ',14692,9795,'Hamburg ','Germany'),(86,'Estadio del MediterrA¡neo ',13200,8800,'AlmerA-a ','Spain'),(87,'San MamAcs ',31999,21333,'Bilbao ','Spain'),(88,'Vicente CalderA3n ',32910,21941,'Madrid ','Spain'),(89,'Camp Nou ',59612,39742,'Barcelona ','Spain'),(90,'Benito VillamarA-n ',31500,21000,'Seville ','Spain'),(91,'BalaA-dos ',19080,12720,'Vigo ','Spain'),(92,'MartA-nez Valero ',21610,14407,'Elche ','Spain'),(93,'CornellA -El Prat ',24300,16200,'CornellA  de Llobregat ','Spain'),(94,'Coliseum Alfonso PAcrez ',10620,7080,'Getafe ','Spain'),(95,'Nuevo Los CA¡rmenes ',13514,9010,'Granada ','Spain'),(96,'Ciutat de ValAncia ',15320,10214,'Valencia ','Spain'),(97,'La Rosaleda ',18026,12018,'MA¡laga ','Spain'),(98,'El Sadar ',11731,7822,'Pamplona ','Spain'),(99,'Campo de Vallecas ',9293,6196,'Madrid ','Spain'),(100,'Santiago BernabAcu ',51272,34182,'Madrid ','Spain'),(101,'Anoeta ',19245,12831,'San SebastiA¡n ','Spain'),(102,'RamA3n SA¡nchez PizjuA¡n ',27300,18200,'Seville ','Spain'),(103,'Mestalla ',33000,22000,'Valencia ','Spain'),(104,'Nuevo JosAc Zorrilla ',15907,10605,'Valladolid ','Spain'),(105,'El Madrigal ',14934,9956,'Villarreal ','Spain'),(106,'Riazor ',20760,13840,'A CoruA±a ','Spain'),(107,'Iberostar Stadium ',13885,9257,'Palma ','Spain'),(108,'La Romareda ',20757,13839,'Zaragoza ','Spain'),(109,'Stade FranAois Coty ',6396,4264,'Ajaccio ','France'),(110,'Stade Armand Cesari ',9888,6592,'Bastia ','France'),(111,'Stade Chaban-Delmas ',20677,13785,'Bordeaux ','France'),(112,'Parc des Sports ',9396,6264,'Annecy ','France'),(113,'Stade du Roudourou ',10875,7251,'Guingamp ','France'),(114,'Stade Pierre-Mauroy ',30111,20075,'Villeneuve-d\'Ascq ','France'),(115,'Stade du Moustoir ',11334,7556,'Lorient ','France'),(116,'Stade de Gerland ',25105,16737,'Lyon ','France'),(117,'Stade Velodrome',28800,19200,'Marseille ','France'),(118,'Stade Louis II ',11100,7400,'Monaco ','France'),(119,'Stade de la Mosson ',19763,13176,'Montpellier ','France'),(120,'Stade de la Beaujoire ',22971,15314,'Nantes ','France'),(121,'Allianz Riviera ',21374,14250,'Nice ','France'),(122,'Parc des Princes ',29227,19485,'Paris ','France'),(123,'Stade Auguste-Delaune II ',13010,8674,'Reims ','France'),(124,'Stade de la Route de Lorient ',18676,12451,'Rennes ','France'),(125,'Stade Geoffroy-Guichard',16048,10699,'Saint-A%tienne ','France'),(126,'Stade Auguste Bonal ',12003,8002,'MontbAcliard ','France'),(127,'Stadium Municipal',21282,14188,'Toulouse ','France'),(128,'Stade du Hainaut ',15103,10069,'Valenciennes ','France'),(129,'Stade Marcel Picot ',12051,8034,'Tomblaine ','France'),(130,'Stade Gaston GAcrard ',9598,6400,'Dijon','France'),(131,'Stade de l\'Aube ',13126,8751,'Troyes','France'),(132,'Stade de l\'AbbAc-Deschamps ',14695,9798,'Auxerre ','France'),(133,'Stade Francis-Le BlAc ',9600,6400,'Brest','France'),(134,'Stade Michel d\'Ornano ',12900,8600,'Caen ','France'),(135,'El MolinA3n',18000,12000,'GijA3n','Spain'),(136,'Campos de Sport de El Sardinero',13333,8889,'Santander','Spain'),(137,'Boundary Park',6382,4256,'Oldham','England'),(138,'Bramall Lane',19621,13081,'Sheffield','England'),(139,'Selhurst Park',15753,10502,'','England'),(140,'Hillsborough',23839,15893,'Sheffield','England'),(141,'County Ground',9436,6292,'Swindon','England'),(142,'The Valley ',16266,10845,'Greenwich','England'),(143,'Valley Parade',15081,10055,'Bradford','England'),(144,'Blundell park',5437,3625,'Cleethorpes','England'),(145,'Kenilworth Road',6213,4143,'Luton','England'),(146,'Meadow Lane',12126,8085,'Nottingham ','England'),(147,'Kassam Stadium',7500,5000,'Oxford','England'),(148,'Roots Hall',7435,4957,'Prittlewell','England'),(149,'Prenton Park',9940,6627,'Birkenhead','England'),(150,'The John Smith\'s Stadium',14700,9800,'Huddersfield','England'),(151,'Vale Park',11431,7621,'Burslem','England'),(152,'Gigg Lane',7104,4736,'Bury','England'),(153,'Alexandra Stadium',6091,4062,'Crewe','England'),(154,'Edgeley Park',6504,4337,'Stockport','England'),(155,'Banks\'s Stadium',6780,4520,'Walsall','England'),(156,'Priestfield',6949,4633,'Gillingham','England'),(157,'Deepdale',14042,9362,'Preston','England'),(158,'New York Stadium',7212,4809,'Rotherham','England'),(159,'Home Park',10290,6860,'Plymouth','England'),(160,'Colchester Community Stadium',6063,4042,'Colchester','England'),(161,'Glanford Park',5452,3636,'Scunthorpe','England'),(162,'Goldsands Stadium',7200,4800,'Bournemouth','England'),(163,'Huish Park',5739,3826,'Yeovil','England'),(164,'Griffin Park',7657,5106,'London ','England'),(165,'Arruda',36026,24018,'Recife','Brazil'),(166,'Maracana',47303,31535,'Rio de Janeiro','Brazil'),(167,'Nacional Mané Garrincha',43673,29115,'Brasília','Brazil'),(168,'Morumbi',40231,26821,'Sao Paulo','Brazil'),(169,'Castelao',38342,25561,'Fortaleza','Brazil'),(170,'Mineirao',37296,24864,'Belo Horizonte','Brazil'),(171,'Arena do Grêmio',36324,24216,'Porto Alegre','Brazil'),(172,'Arruda',36026,24018,'Recife','Brazil'),(173,'Parque do Sabiá',33870,22580,'Uberlândia','Brazil'),(174,'Fonte Nova',31025,20683,'Salvador','Brazil'),(175,'Beira-Rio',30780,20520,'Porto Alegre','Brazil'),(176,'Serra Dourada',30029,20020,'Goiânia','Brazil'),(177,'Arena Corinthians',28563,19042,'Sao Paulo','Brazil'),(178,'Engenhao',28099,18732,'Rio de Janeiro','Brazil'),(179,'Arena Pernambuco',27692,18462,'Sao Lourenço da Mata','Brazil'),(180,'Mangueirao',27004,18003,'Belém','Brazil'),(181,'Olímpico Monumental',27000,18000,'Porto Alegre','Brazil'),(182,'Morenao',27000,18000,'Campo Grande','Brazil'),(183,'Farahzao',26648,17766,'Presidente Prudente','Brazil'),(184,'Albertao',26520,17680,'Teresina','Brazil'),(185,'Arena da Amazônia',26400,17600,'Manaus','Brazil'),(186,'Allianz Parque',26228,17485,'Sao Paulo','Brazil'),(187,'Arena Pantanal',25890,17260,'Cuiabá','Brazil'),(188,'Arena da Baixada',25290,16860,'Curitiba','Brazil'),(189,'Couto Pereira',25200,16800,'Curitiba','Brazil'),(190,'Castelao',24089,16060,'Sao Luís','Brazil'),(191,'Verdao',24000,16000,'Cuiabá','Brazil'),(192,'Almeidao',24000,16000,'Joao Pessoa','Brazil'),(193,'Pacaembu',22771,15181,'Sao Paulo','Brazil'),(194,'Barradao',21379,14253,'Salvador','Brazil'),(195,'Amigao',21000,14000,'Campina Grande','Brazil'),(196,'Pinheirao',21000,14000,'Curitiba','Brazil'),(197,'JK',19800,13200,'Itumbiara','Brazil'),(198,'Teixeirao',19762,13174,'Sao José do Rio Preto','Brazil'),(199,'Brinco de Ouro',19472,12981,'Campinas','Brazil'),(200,'Mário Helênio',19118,12745,'Juiz de Fora','Brazil'),(201,'Pituaçu',19000,12667,'Salvador','Brazil'),(202,'Arena das Dunas',18825,12550,'Natal','Brazil'),(203,'Café',18611,12408,'Londrina','Brazil'),(204,'Centenário',18493,12329,'Caxias do Sul','Brazil'),(205,'Ilha do Retiro',18312,12208,'Recife','Brazil'),(206,'Colosso da Lagoa',18000,12000,'Erechim','Brazil'),(207,'Machadao',18000,12000,'Natal','Brazil');
/*!40000 ALTER TABLE `stadium` ENABLE KEYS */;
UNLOCK TABLES;

--
-- Table structure for table `tournament`
--

DROP TABLE IF EXISTS `tournament`;
/*!40101 SET @saved_cs_client     = @@character_set_client */;
/*!40101 SET character_set_client = utf8 */;
CREATE TABLE `tournament` (
  `tournament_id` int(11) NOT NULL,
  `tournament_name` varchar(100) NOT NULL,
  `no_of_teams` int(11) NOT NULL,
  PRIMARY KEY (`tournament_id`)
) ENGINE=InnoDB DEFAULT CHARSET=latin1;
/*!40101 SET character_set_client = @saved_cs_client */;

--
-- Dumping data for table `tournament`
--

LOCK TABLES `tournament` WRITE;
/*!40000 ALTER TABLE `tournament` DISABLE KEYS */;
INSERT INTO `tournament` VALUES (16,'copa america',2),(32,'world cup ',1);
/*!40000 ALTER TABLE `tournament` ENABLE KEYS */;
UNLOCK TABLES;

--
-- Table structure for table `tournament_game`
--

DROP TABLE IF EXISTS `tournament_game`;
/*!40101 SET @saved_cs_client     = @@character_set_client */;
/*!40101 SET character_set_client = utf8 */;
CREATE TABLE `tournament_game` (
  `game_id` int(11) NOT NULL,
  `tournament_id` int(11) NOT NULL,
  `team1` int(11) NOT NULL,
  `team2` int(11) NOT NULL,
  `game_score` int(11) NOT NULL,
  `opponent_score` int(11) NOT NULL
) ENGINE=InnoDB DEFAULT CHARSET=latin1;
/*!40101 SET character_set_client = @saved_cs_client */;

--
-- Dumping data for table `tournament_game`
--

LOCK TABLES `tournament_game` WRITE;
/*!40000 ALTER TABLE `tournament_game` DISABLE KEYS */;
INSERT INTO `tournament_game` VALUES (6000,32,7,14,3,1),(6001,32,34,8,1,0),(6002,32,7,34,0,0),(6003,32,8,14,0,4),(6004,32,8,7,1,4),(6005,32,14,34,1,3),(6006,32,47,36,1,5),(6007,32,10,3,3,1),(6008,32,47,10,0,2),(6009,32,3,36,2,3),(6010,32,3,47,0,3),(6011,32,36,10,2,0),(6012,32,11,24,3,0),(6013,32,30,32,2,1),(6014,32,11,30,2,1),(6015,32,32,24,0,0),(6016,32,32,11,1,4),(6017,32,24,30,2,1),(6018,32,52,13,1,3),(6019,32,19,30,1,2),(6020,32,52,19,2,1),(6021,32,30,13,0,1),(6022,32,30,52,0,1),(6023,32,13,19,0,0),(6024,32,49,17,2,1),(6025,32,21,27,3,0),(6026,32,49,21,2,5),(6027,32,27,17,1,2),(6028,32,27,49,0,3),(6029,32,17,21,0,0),(6030,32,2,6,2,1),(6031,32,28,37,0,0),(6032,32,2,28,1,0),(6033,32,37,6,1,0),(6034,32,37,2,2,3),(6035,32,6,28,3,1),(6036,32,22,40,4,0),(6037,32,23,51,1,2),(6038,32,22,23,2,2),(6039,32,51,40,2,2),(6040,32,51,22,0,1),(6041,32,40,23,2,1),(6042,32,5,1,2,1),(6043,32,41,46,1,1),(6044,32,5,41,1,0),(6045,32,46,1,2,4),(6046,32,46,5,0,1),(6047,32,1,41,1,1),(6048,32,7,10,1,1),(6049,32,11,52,2,0),(6050,32,36,34,2,1),(6051,32,13,24,1,1),(6052,32,21,37,2,0),(6053,32,22,1,2,1),(6054,32,2,49,1,0),(6055,32,5,51,2,1),(6056,32,7,11,2,1),(6057,32,21,22,0,1),(6058,32,36,13,0,0),(6059,32,2,5,1,0),(6060,32,7,22,1,7),(6061,32,36,2,0,0),(6062,32,7,36,0,3),(6063,32,22,2,1,0);
/*!40000 ALTER TABLE `tournament_game` ENABLE KEYS */;
UNLOCK TABLES;
/*!40103 SET TIME_ZONE=@OLD_TIME_ZONE */;

/*!40101 SET SQL_MODE=@OLD_SQL_MODE */;
/*!40014 SET FOREIGN_KEY_CHECKS=@OLD_FOREIGN_KEY_CHECKS */;
/*!40014 SET UNIQUE_CHECKS=@OLD_UNIQUE_CHECKS */;
/*!40101 SET CHARACTER_SET_CLIENT=@OLD_CHARACTER_SET_CLIENT */;
/*!40101 SET CHARACTER_SET_RESULTS=@OLD_CHARACTER_SET_RESULTS */;
/*!40101 SET COLLATION_CONNECTION=@OLD_COLLATION_CONNECTION */;
/*!40111 SET SQL_NOTES=@OLD_SQL_NOTES */;

-- Dump completed on 2016-12-04 22:37:10
